Unnamed: 0,TxnDate,TxnTime,Consumption,anomaly,cluster
-1.4015573778000274,01 Jan 2022,16:55:52,-0.7170057384695242,1,0
-1.3969346753542633,01 Jan 2022,21:45:29,-0.751724672011564,1,0
-1.3923119729084992,01 Jan 2022,12:24:52,-0.745597801386498,1,0
-1.3876892704627348,01 Jan 2022,04:07:36,-0.744917037983713,1,0
-1.3830665680169707,01 Jan 2022,06:52:25,-0.7490016184004236,1,0
-1.3784438655712066,01 Jan 2022,10:20:09,-0.7299402431224409,1,0
-1.3738211631254424,01 Jan 2022,15:32:01,-0.7619361230533404,1,0
-1.3691984606796783,01 Jan 2022,19:23:47,-0.4133852608273716,1,0
-1.3645757582339142,01 Jan 2022,11:19:47,-0.7544477256227043,1,0
-1.3599530557881498,01 Jan 2022,14:52:01,-0.744917037983713,1,0
-1.3564461780706736,01 Jan 2022,23:53:01,-0.7224518456918049,1,0
-1.3507076508966216,01 Jan 2022,01:41:48,-0.431085109299784,1,0
-1.3460849484508575,01 Jan 2022,10:39:50,-0.7558092524282746,1,0
-1.3414622460050933,01 Jan 2022,06:32:56,-0.7326632967335813,1,0
-1.3368395435593292,01 Jan 2022,15:12:09,-0.752405435414349,1,0
-1.3322168411135649,01 Jan 2022,12:45:05,-0.7530861988171341,1,0
-1.3275941386678007,01 Jan 2022,22:05:56,-0.7530861988171341,1,0
-1.3229714362220366,01 Jan 2022,07:14:24,-0.7136019214555986,1,0
-1.3183487337762725,01 Jan 2022,02:47:00,-0.6890944389553352,1,0
-1.3137260313305084,01 Jan 2022,00:42:33,-0.7530861988171341,1,0
-1.3091033288847442,01 Jan 2022,03:47:47,-0.7476400915948535,1,0
-1.30448062643898,01 Jan 2022,20:44:08,-0.7598938328449851,1,0
-1.2998579239932158,01 Jan 2022,16:12:37,-0.7626168864561255,1,0
-1.2952352215474516,01 Jan 2022,12:05:06,-0.7285787163168708,1,0
-1.2906125191016875,01 Jan 2022,03:06:30,-0.7462785647892832,1,0
-1.2859898166559234,01 Jan 2022,01:01:51,-0.7530861988171341,1,0
-1.2813671142101593,01 Jan 2022,11:43:40,-0.6897752023581203,1,0
-1.2767444117643951,01 Jan 2022,23:31:01,-0.7326632967335813,1,0
-1.2721217093186308,01 Jan 2022,10:59:47,-0.7401516941642172,1,0
-1.2674990068728667,01 Jan 2022,02:22:52,-0.4215544216607927,1,0
-1.2628763044271025,01 Jan 2022,20:03:52,-0.7571707792338448,1,0
-1.2582536019813384,01 Jan 2022,14:31:39,-0.7299402431224409,1,0
-1.2536308995355743,01 Jan 2022,09:58:43,-0.7483208549976385,1,0
-1.2490081970898101,01 Jan 2022,05:51:27,-0.7544477256227043,1,0
-1.2443854946440458,01 Jan 2022,14:10:15,-0.7544477256227043,1,0
-1.2397627921982817,01 Jan 2022,18:42:25,-0.7646591766644807,1,0
-1.2351400897525175,01 Jan 2022,22:49:58,-0.7326632967335813,1,0
-1.2305173873067534,01 Jan 2022,04:28:02,-0.7394709307614322,1,0
-1.2258946848609893,01 Jan 2022,08:38:00,-0.7387901673586472,1,0
-1.2212719824152252,01 Jan 2022,13:50:19,-0.7027097070110371,1,0
-1.216649279969461,01 Jan 2022,22:28:26,-0.7027097070110371,1,0
-1.2120265775236967,01 Jan 2022,07:34:40,-0.7476400915948535,1,0
-1.2074038750779326,01 Jan 2022,03:27:40,-0.7394709307614322,1,0
-1.2027811726321684,01 Jan 2022,00:22:28,-0.7101981044416731,1,0
-1.1981584701864043,01 Jan 2022,20:24:31,-0.7408324575670024,1,0
-1.1935357677406402,01 Jan 2022,15:53:43,-0.7278979529140857,1,0
-1.188913065294876,01 Jan 2022,17:39:34,-0.7469593281920682,1,0
-1.1842903628491117,01 Jan 2022,21:25:49,-0.7476400915948535,1,0
-1.1796676604033476,01 Jan 2022,13:06:25,-0.7353863503447217,1,0
-1.1750449579575835,01 Jan 2022,05:07:43,-0.7442362745809279,1,0
-1.1704222555118193,01 Jan 2022,08:17:20,-0.3929623587438187,1,0
-1.1657995530660552,01 Jan 2022,16:33:12,-0.7421939843725727,1,0
-1.161176850620291,01 Jan 2022,21:05:13,-0.7285787163168708,1,0
-1.1565541481745267,01 Jan 2022,06:11:59,-0.744917037983713,1,0
-1.1519314457287626,01 Jan 2022,19:44:16,-0.7435555111781428,1,0
-1.1473087432829985,01 Jan 2022,13:27:37,-0.7326632967335813,1,0
-1.1426860408372344,01 Jan 2022,09:38:30,-0.42087365825800765,1,0
-1.1380633383914702,01 Jan 2022,05:31:53,-0.68705214874698,1,0
-1.133440635945706,01 Jan 2022,18:22:53,-0.38683548811875285,1,0
-1.1288179334999418,01 Jan 2022,23:09:54,-0.7442362745809279,1,0
-1.1241952310541776,01 Jan 2022,04:48:02,-0.7558092524282746,1,0
-1.1195725286084135,01 Jan 2022,08:57:36,-0.7476400915948535,1,0
-1.1149498261626494,01 Jan 2022,17:18:43,-0.7033904704138222,1,0
-0.34710300956796086,02 Jan 2022,05:45:06,-0.7333440601363664,1,0
-0.3424803071221967,02 Jan 2022,01:56:52,-0.7639784132616957,1,0
-0.3378576046764325,02 Jan 2022,12:42:40,-0.06891897901811325,1,0
-0.3332349022306684,02 Jan 2022,15:44:50,0.19453645785971865,1,0
-0.3286121997849042,02 Jan 2022,13:23:26,1.0938249129388296,1,2
-0.32398949733914,02 Jan 2022,02:16:48,-0.7408324575670024,1,0
-0.3193667948933759,02 Jan 2022,10:17:01,0.9637991030068765,1,2
-0.3147440924476117,02 Jan 2022,07:07:36,-0.7476400915948535,1,0
-0.3101213900018476,02 Jan 2022,13:43:32,-0.09955333214344264,1,0
-0.3054986875560834,02 Jan 2022,17:26:47,2.267461019340334,1,2
-0.3008759851103192,02 Jan 2022,06:27:10,-0.7197287920806645,1,0
-0.2962532826645551,02 Jan 2022,14:42:57,0.8977650529367219,1,2
-0.2916305802187909,02 Jan 2022,17:47:02,0.6070790799474866,1,2
-0.2870078777730267,02 Jan 2022,10:57:55,0.4824993772378139,1,2
-0.2823851753272626,02 Jan 2022,07:29:02,-0.7101981044416731,1,0
-0.2777624728814984,02 Jan 2022,03:21:57,-0.6782022245107736,1,0
-0.27313977043573423,02 Jan 2022,03:41:38,-0.7578515426366298,1,0
-0.2685170679899701,02 Jan 2022,11:19:09,0.7479971043240011,1,2
-0.2638943655442059,02 Jan 2022,23:56:26,-0.6618639028439314,1,0
-0.2592716630984418,02 Jan 2022,23:31:40,-0.6792233696149513,1,0
-0.2546489606526776,02 Jan 2022,16:04:39,0.041364692233072146,1,0
-0.25002625820691343,02 Jan 2022,22:42:19,-0.6792233696149513,1,0
-0.24540355576114928,02 Jan 2022,04:02:06,-0.7442362745809279,1,0
-0.24078085331538512,02 Jan 2022,08:31:26,-0.6792233696149513,1,0
-0.23615815086962097,02 Jan 2022,18:07:31,0.5451296102940427,1,2
-0.2315354484238568,02 Jan 2022,01:37:09,-0.7272171895113005,1,0
-0.22691274597809263,02 Jan 2022,09:34:40,-0.6792233696149513,1,0
-0.22229004353232848,02 Jan 2022,09:55:18,1.189812552731528,1,2
-0.21766734108656433,02 Jan 2022,06:47:46,-0.7421939843725727,1,0
-0.21304463864080014,02 Jan 2022,16:45:24,0.07472209896954177,1,0
-0.208421936195036,02 Jan 2022,02:57:34,-0.7381094039558621,1,0
-0.2020457948905337,02 Jan 2022,18:48:48,0.6186520577948331,1,2
-0.19742309244476955,02 Jan 2022,11:39:47,0.5226644180021346,1,2
-0.19280038999900537,02 Jan 2022,15:25:08,-0.010373326378595147,1,0
-0.1881776875532412,02 Jan 2022,19:37:20,1.4859446329430446,1,2
-0.18355498510747706,02 Jan 2022,20:20:59,2.923036176222381,-1,2
-0.180685721520451,02 Jan 2022,19:11:49,1.0427676577299474,1,2
-0.17606301907468686,02 Jan 2022,14:03:26,-0.4290428190914287,1,0
-0.1714403166289227,02 Jan 2022,00:55:12,-0.744917037983713,1,0
-0.16681761418315855,02 Jan 2022,07:50:40,2.296053082257308,1,2
-0.16219491173739436,02 Jan 2022,02:37:03,-0.751724672011564,1,0
-0.1575722092916302,02 Jan 2022,16:26:40,0.15096760008147253,1,0
-0.15294950684586606,02 Jan 2022,15:04:12,-0.2554481513812294,1,0
-0.14832680440010187,02 Jan 2022,12:23:27,1.5519786830131987,1,2
-0.14370410195433772,02 Jan 2022,04:41:47,-0.44129656034156045,1,0
-0.13908139950857357,02 Jan 2022,00:12:25,-0.752405435414349,1,0
-0.1344586970628094,02 Jan 2022,18:29:37,0.6424787768923113,1,2
-0.12983599461704523,02 Jan 2022,05:23:40,-0.40385457318838025,1,0
-0.12521329217128108,02 Jan 2022,00:34:37,-0.7224518456918049,1,0
-0.12059058972551692,02 Jan 2022,21:23:06,0.8923189457144415,1,2
-0.11596788727975275,02 Jan 2022,21:49:08,1.8726182457249787,1,2
-0.11134518483398859,02 Jan 2022,21:02:58,1.1292246098836547,1,2
-0.10672248238822443,02 Jan 2022,20:40:58,0.7207665682125973,1,2
-0.10209977994246026,02 Jan 2022,06:05:51,-0.7360671137475069,1,0
-0.09747707749669611,02 Jan 2022,01:16:03,-0.7313017699280111,1,0
-0.09285437505093194,02 Jan 2022,10:38:42,0.7091935903652508,1,2
-1.1021975435536449,03 Jan 2022,19:17:08,0.7432317605045055,1,2
-1.0975748411078807,03 Jan 2022,14:40:55,0.247636003276956,1,0
-1.0929521386621164,03 Jan 2022,23:26:09,0.883469021478235,1,2
-1.0883294362163523,03 Jan 2022,17:12:30,0.16049828772046387,1,0
-1.0837067337705881,03 Jan 2022,21:22:20,3.1340728310857604,-1,2
-1.079084031324824,03 Jan 2022,16:31:23,1.0305139164798158,1,2
-1.0744613288790599,03 Jan 2022,19:59:23,0.8528346683529058,1,2
-1.0698386264332957,03 Jan 2022,23:47:04,0.7432317605045055,1,2
-1.0652159239875314,03 Jan 2022,16:52:02,0.14415996605362155,1,0
-1.0605932215417673,03 Jan 2022,10:02:19,2.2722263631598296,-1,2
-1.0559705190960031,03 Jan 2022,09:24:50,2.7065534141367205,-1,2
-1.051347816650239,03 Jan 2022,08:47:11,2.3226028549659263,-1,2
-1.046725114204475,03 Jan 2022,10:43:39,1.8998487818363827,1,2
-1.0421024117587108,03 Jan 2022,11:22:39,1.4335258509285922,1,2
-1.0374797093129464,03 Jan 2022,18:56:56,0.8501116147417654,1,2
-1.0328570068671823,03 Jan 2022,17:54:34,0.6506479377257324,1,0
-1.0291907256170936,03 Jan 2022,02:28:01,-0.5284342758980527,1,0
-1.0245680231713294,03 Jan 2022,03:32:05,-0.537964963537044,1,0
-1.0199453207255653,03 Jan 2022,02:58:02,-0.5903837455514964,1,0
-1.015322618279801,03 Jan 2022,04:00:43,-0.6101258842322641,1,0
-1.0106999158340368,03 Jan 2022,04:31:08,-0.5937875625654218,1,0
-1.0060772133882727,03 Jan 2022,18:34:37,0.7194050414070273,1,2
-1.0014545109425086,03 Jan 2022,22:05:06,1.1591781996061987,1,2
-0.9968318084967444,03 Jan 2022,05:01:23,-0.595149089370992,1,0
-0.9922091060509802,03 Jan 2022,05:38:15,-0.48622694492537677,1,0
-0.9875864036052161,03 Jan 2022,06:17:11,-0.4562733552028326,1,0
-0.982963701159452,03 Jan 2022,08:09:33,1.7235310605150427,1,2
-0.9783409987136877,03 Jan 2022,07:31:34,0.5178990741826389,1,0
-0.9737182962679236,03 Jan 2022,06:54:36,-0.47737702068917054,1,0
-0.9690955938221595,03 Jan 2022,21:42:57,1.0727212474524916,1,2
-0.9644728913763952,03 Jan 2022,15:25:28,-0.180564177074869,1,0
-0.9598501889306311,03 Jan 2022,22:24:48,1.1836856821064623,1,2
-0.955227486484867,03 Jan 2022,18:14:35,0.37425799619498384,1,0
-0.9506047840391028,03 Jan 2022,15:04:16,-0.03624233568442879,1,0
-0.9459820815933386,03 Jan 2022,22:45:51,1.0114525412018331,1,2
-0.9413593791475745,03 Jan 2022,12:04:20,1.212958508426221,1,2
-0.9367366767018103,03 Jan 2022,12:44:33,0.9460992545344639,1,2
-0.9321139742560461,03 Jan 2022,13:24:15,0.8378578734916339,1,2
-0.927491271810282,03 Jan 2022,14:04:49,0.84670779772784,1,2
-0.9228685693645178,03 Jan 2022,15:48:01,-0.19077562811664536,1,0
-0.9182458669187537,03 Jan 2022,19:39:28,0.847388561130625,1,2
-0.9136231644729895,03 Jan 2022,23:06:22,1.004644907173982,1,2
-0.9090004620272253,03 Jan 2022,17:33:09,0.5539795345302488,1,0
-0.9043777595814612,03 Jan 2022,20:40:51,3.2293797074756734,-1,2
-0.8987986359400216,03 Jan 2022,01:24:29,-0.5794915311069349,1,0
-0.8941759334942575,03 Jan 2022,01:53:54,-0.6074028306211237,1,0
-0.8895532310484934,03 Jan 2022,00:53:00,-0.5842568749264305,1,0
-0.8849305286027291,03 Jan 2022,00:22:43,-0.6570985590244357,1,0
-0.23520172967394562,04 Jan 2022,13:55:35,-0.017180960406446108,1,0
-0.23057902722818147,04 Jan 2022,10:01:54,3.0319583206679956,-1,2
-0.22595632478241728,04 Jan 2022,05:52:52,-0.7551284890254893,1,0
-0.22133362233665313,04 Jan 2022,01:27:48,-0.751724672011564,1,0
-0.21671091989088898,04 Jan 2022,20:33:17,-0.22549456165868517,1,0
-0.21208821744512482,04 Jan 2022,03:31:05,-0.7428747477753577,1,0
-0.20746551499936064,04 Jan 2022,22:57:49,1.3409420281498192,1,2
-0.20284281255359649,04 Jan 2022,19:09:23,0.526748998418845,1,2
-0.19822011010783233,04 Jan 2022,07:58:56,0.9440569643261085,1,2
-0.19359740766206815,04 Jan 2022,11:27:17,0.4668418189737569,1,2
-0.188974705216304,04 Jan 2022,04:53:54,-0.723813372497375,1,0
-0.18435200277053984,04 Jan 2022,08:59:38,1.1877702625231727,1,2
-0.1797293003247757,04 Jan 2022,00:07:38,-0.7462785647892832,1,0
-0.1751065978790115,04 Jan 2022,12:30:48,0.26465508834658347,1,0
-0.17048389543324735,04 Jan 2022,15:43:55,-0.3031015895761861,1,0
-0.1658611929874832,04 Jan 2022,23:18:47,1.4525872262065749,1,2
-0.16123849054171902,04 Jan 2022,07:38:09,1.3919992833587014,1,2
-0.15661578809595486,04 Jan 2022,14:38:12,-0.6400794739548084,1,0
-0.1519930856501907,04 Jan 2022,18:27:23,-0.3092284602012519,1,0
-0.14737038320442655,04 Jan 2022,05:13:33,-0.7578515426366298,1,0
-0.14274768075866237,04 Jan 2022,01:08:23,-0.7326632967335813,1,0
-0.13812497831289822,04 Jan 2022,12:51:30,0.1359908052202004,1,0
-0.13350227586713406,04 Jan 2022,16:43:12,-0.32828983547923457,1,0
-0.1288795734213699,04 Jan 2022,14:16:58,-0.45218877478612196,1,0
-0.12425687097560574,04 Jan 2022,10:45:44,0.42667677820943617,1,2
-0.11963416852984157,04 Jan 2022,18:06:35,-0.2683826560341463,1,0
-0.1150114660840774,04 Jan 2022,22:16:51,-0.6792233696149513,1,0
-0.11038876363831325,04 Jan 2022,21:13:42,-0.20302936936677707,1,0
-0.10576606119254908,04 Jan 2022,02:30:35,-0.7462785647892832,1,0
-0.10114335874678493,04 Jan 2022,06:56:02,-0.7224518456918049,1,0
-0.09652065630102076,04 Jan 2022,06:56:02,-0.7224518456918049,1,0
-0.0918979538552566,04 Jan 2022,17:24:42,-0.31399380402074767,1,0
-0.08727525140949244,04 Jan 2022,05:32:35,-0.7612553596505554,1,0
-0.08265254896372828,04 Jan 2022,00:47:32,-0.7544477256227043,1,0
-0.07802984651796412,04 Jan 2022,21:34:19,0.282354936818996,1,0
-0.07340714407219996,04 Jan 2022,17:04:18,-0.3037823529789711,1,0
-0.0687844416264358,04 Jan 2022,13:13:25,0.16730592174831482,1,0
-0.06416173918067163,04 Jan 2022,08:19:19,0.45526884112641003,1,2
-0.05953903673490747,04 Jan 2022,03:10:46,-0.7530861988171341,1,0
-0.05491633428914331,04 Jan 2022,20:53:19,-0.2745095266592121,1,0
-0.05029363184337915,04 Jan 2022,02:50:50,-0.7469593281920682,1,0
-0.04567092939761498,04 Jan 2022,19:50:52,-0.17171425283866268,1,0
-0.04104822695185082,04 Jan 2022,15:01:05,0.6220558748087585,1,2
-0.03642552450608666,04 Jan 2022,16:23:27,-0.3425858669377217,1,0
-0.0318028220603225,04 Jan 2022,09:21:12,1.7739075523211396,1,2
-0.027180119614558337,04 Jan 2022,00:27:12,-0.7462785647892832,1,0
-0.022557417168794176,04 Jan 2022,20:11:28,-0.23434448589489149,1,0
-0.017934714723030015,04 Jan 2022,22:38:17,1.6670276980838796,1,2
-0.013312012277265852,04 Jan 2022,19:28:52,-0.3065054065901115,1,0
-0.00868930983150169,04 Jan 2022,16:03:26,-0.3480319741600024,1,0
-0.004066607385737529,04 Jan 2022,12:10:04,0.4246344880010808,1,2
0.0005560950600266333,04 Jan 2022,04:11:50,-0.42972358249421383,1,0
0.005178797505790795,04 Jan 2022,15:22:02,0.9209110086314154,1,2
0.009801499951554956,04 Jan 2022,08:40:02,1.774588315723925,1,2
0.014424202397319119,04 Jan 2022,11:48:59,0.5430873200856874,1,2
0.01904690484308328,04 Jan 2022,04:32:24,-0.7374286405530769,1,0
0.02366960728884744,04 Jan 2022,13:35:18,0.12918317119234946,1,0
0.025263642614973016,04 Jan 2022,17:44:46,-0.3425858669377217,1,0
0.03291501218037576,04 Jan 2022,10:23:57,0.8657691730058227,1,2
0.037537714626139924,04 Jan 2022,01:50:02,-0.7176865018723092,1,0
0.04216041707190409,04 Jan 2022,06:34:42,-0.40930068041066103,1,0
0.046783119517668253,04 Jan 2022,11:06:16,0.5601064051553146,1,2
0.051405821963432415,04 Jan 2022,02:10:37,-0.7462785647892832,1,0
0.056028524409196576,04 Jan 2022,23:40:23,1.538363414957497,1,2
-0.24476594163069906,05 Jan 2022,09:58:09,2.1210968877415386,1,2
-0.24014323918493488,05 Jan 2022,05:47:54,-0.7612553596505554,1,0
-0.23552053673917073,05 Jan 2022,13:51:21,1.06182903300793,1,2
-0.23089783429340657,05 Jan 2022,11:42:31,1.3654495106500826,1,2
-0.22627513184764242,05 Jan 2022,19:23:26,2.057785891282525,1,2
-0.22165242940187824,05 Jan 2022,09:37:27,1.7582499940570826,1,2
-0.21702972695611408,05 Jan 2022,02:03:21,-0.7496823818032086,1,0
-0.21240702451034993,05 Jan 2022,13:30:08,0.9256763524509112,1,2
-0.20778432206458577,05 Jan 2022,17:20:05,0.9774143710625784,1,2
-0.2031616196188216,05 Jan 2022,21:36:53,-0.6792233696149513,1,0
-0.19853891717305744,05 Jan 2022,10:40:23,1.7112773192649111,1,2
-0.19391621472729328,05 Jan 2022,18:22:23,-0.6792233696149513,1,0
-0.1892935122815291,05 Jan 2022,06:49:26,-0.7367478771502919,1,0
-0.18467080983576495,05 Jan 2022,02:45:48,-0.7224518456918049,1,0
-0.1800481073900008,05 Jan 2022,22:17:28,2.018301613920989,1,2
-0.17542540494423664,05 Jan 2022,22:17:28,2.018301613920989,1,2
-0.17080270249847246,05 Jan 2022,08:13:02,1.6275434207223443,1,2
-0.1661800000527083,05 Jan 2022,03:46:37,-0.745597801386498,1,0
-0.16155729760694415,05 Jan 2022,12:04:00,1.374980198289074,1,2
-0.15693459516117997,05 Jan 2022,15:35:28,0.7194050414070273,1,2
-0.15231189271541581,05 Jan 2022,12:46:35,1.2299775934958488,1,2
-0.14768919026965166,05 Jan 2022,16:58:38,0.7139589341847465,1,2
-0.1430664878238875,05 Jan 2022,20:55:40,1.8501530534330703,1,2
-0.13844378537812332,05 Jan 2022,04:46:57,-0.7442362745809279,1,0
-0.13382108293235917,05 Jan 2022,01:01:28,-0.7605745962477701,1,0
-0.12919838048659502,05 Jan 2022,07:51:00,1.3994876807893373,1,2
-0.12457567804083085,05 Jan 2022,03:05:48,-0.7503631452059938,1,0
-0.1199529755950667,05 Jan 2022,15:15:37,0.8405809271027742,1,2
-0.11533027314930253,05 Jan 2022,22:37:50,1.9999210020457918,1,2
-0.11070757070353836,05 Jan 2022,00:00:54,0.15164836348425753,1,0
-0.1060848682577742,05 Jan 2022,04:26:09,-0.7503631452059938,1,0
-0.10146216581201004,05 Jan 2022,12:24:14,1.0352792602993115,1,2
-0.09683946336624588,05 Jan 2022,20:15:41,1.8270070977383772,1,2
-0.09221676092048171,05 Jan 2022,19:03:06,0.5240259448077047,1,2
-0.08759405847471756,05 Jan 2022,22:58:49,2.1102046732969773,1,2
-0.08297135602895339,05 Jan 2022,14:54:08,2.986347172681395,-1,2
-0.07834865358318924,05 Jan 2022,07:31:26,0.282354936818996,1,0
-0.07372595113742507,05 Jan 2022,11:20:57,1.0271100994658904,1,2
-0.0691032486916609,05 Jan 2022,03:26:25,-0.745597801386498,1,0
-0.06448054624589675,05 Jan 2022,07:09:59,-0.7401516941642172,1,0
-0.059857843800132586,05 Jan 2022,11:00:55,1.4587140968316408,1,2
-0.055235141354368425,05 Jan 2022,02:24:36,-0.7319825333307961,1,0
-0.050612438908604264,05 Jan 2022,18:41:48,0.825604132241502,1,2
-0.045989736462840096,05 Jan 2022,23:19:13,2.0434898598240374,1,2
-0.041367034017075935,05 Jan 2022,23:41:06,1.9638405416981812,1,2
-0.036744331571311774,05 Jan 2022,16:17:45,0.9597145225901658,1,2
-0.03212162912554761,05 Jan 2022,04:06:05,-0.7510439086087788,1,0
-0.02749892667978345,05 Jan 2022,14:11:00,0.933164749881547,1,2
-0.02287622423401929,05 Jan 2022,17:40:28,1.4369296679425176,1,2
-0.01825352178825513,05 Jan 2022,10:19:10,1.6806429661395819,1,2
-0.013630819342490967,05 Jan 2022,06:09:22,-0.7204095554834495,1,0
-0.009008116896726804,05 Jan 2022,01:42:58,-0.7285787163168708,1,0
-0.004385414450962643,05 Jan 2022,21:57:56,1.8508338168358558,1,2
0.00023728799480151878,05 Jan 2022,06:28:38,-0.7612553596505554,1,0
0.004859990440565681,05 Jan 2022,01:21:47,-0.7469593281920682,1,0
0.009482692886329842,05 Jan 2022,05:28:17,-0.7598938328449851,1,0
0.014105395332094005,05 Jan 2022,09:17:56,2.20278849607575,1,2
0.018728097777858166,05 Jan 2022,15:57:50,0.8589615389779716,1,2
0.023350800223622327,05 Jan 2022,19:54:41,2.257930331701343,1,2
0.027973502669386488,05 Jan 2022,08:57:01,-0.6792233696149513,1,0
0.03259620511515065,05 Jan 2022,00:42:09,-0.7285787163168708,1,0
0.03721890756091481,05 Jan 2022,05:08:44,-0.7156442116639539,1,0
0.04184161000667898,05 Jan 2022,00:21:19,-0.7421939843725727,1,0
0.04646431245244314,05 Jan 2022,13:08:49,1.2687811074545992,1,2
0.0510870148982073,05 Jan 2022,16:39:12,1.0053256705767672,1,2
0.05570971734397146,05 Jan 2022,20:35:50,2.095227878435705,1,2
0.038494135821815274,06 Jan 2022,06:10:37,-0.7319825333307961,1,0
0.043116838267579435,06 Jan 2022,01:22:49,-0.7530861988171341,1,0
0.047739540713343596,06 Jan 2022,10:07:49,2.0482552036435333,1,2
0.05236224315910776,06 Jan 2022,13:23:38,1.4920715035681105,1,2
0.05698494560487192,06 Jan 2022,16:58:21,1.2871617193297966,1,2
0.06160764805063608,06 Jan 2022,17:58:58,1.7466770162097358,1,2
0.06623035049640025,06 Jan 2022,14:06:40,0.6799207640454915,1,2
0.0708530529421644,06 Jan 2022,00:43:08,-0.7129211580528134,1,0
0.07547575538792857,06 Jan 2022,05:49:33,-0.7558092524282746,1,0
0.08009845783369272,06 Jan 2022,02:44:03,-0.745597801386498,1,0
0.08472116027945689,06 Jan 2022,17:17:32,1.0502560551605835,1,2
0.08934386272522105,06 Jan 2022,14:27:41,1.6234588403056338,1,2
0.09396656517098521,06 Jan 2022,20:44:30,2.0407668062128974,1,2
0.09858926761674937,06 Jan 2022,15:32:36,1.2572081296072524,1,2
0.10321197006251354,06 Jan 2022,18:40:01,-0.6792233696149513,1,0
0.1078346725082777,06 Jan 2022,23:06:41,-0.6792233696149513,1,0
0.11245737495404186,06 Jan 2022,07:54:03,2.040086042810112,1,2
0.11708007739980603,06 Jan 2022,12:17:50,1.2789925584963755,1,2
0.12170277984557018,06 Jan 2022,12:17:50,1.2789925584963755,1,2
0.12632548229133433,06 Jan 2022,21:46:30,2.089781771213424,1,2
0.13094818473709852,06 Jan 2022,17:38:19,1.4083376050255434,1,2
0.13557088718286267,06 Jan 2022,02:04:22,-0.7415132209697876,1,0
0.14019358962862682,06 Jan 2022,10:28:54,1.7507615966264465,1,2
0.14481629207439098,06 Jan 2022,05:29:22,-0.7292594797196558,1,0
0.14943899452015516,06 Jan 2022,01:02:38,-0.7585323060394149,1,0
0.15406169696591931,06 Jan 2022,09:24:15,2.4049752267029234,-1,2
0.15868439941168347,06 Jan 2022,20:03:00,1.9944748948235111,1,2
0.16330710185744765,06 Jan 2022,15:10:45,1.253123549190542,1,2
0.1679298043032118,06 Jan 2022,23:47:38,-0.11316860019914457,1,1
0.17255250674897596,06 Jan 2022,19:01:46,1.7943304544046927,1,2
0.1771752091947401,06 Jan 2022,16:14:02,1.3497919523860253,1,2
0.1817979116405043,06 Jan 2022,11:32:18,1.5751246387078919,1,2
0.18642061408626845,06 Jan 2022,07:33:31,0.38310792043119,1,2
0.1910433165320326,06 Jan 2022,03:23:51,-0.7503631452059938,1,1
0.19566601897779679,06 Jan 2022,10:50:06,1.6186934964861381,1,2
0.20028872142356094,06 Jan 2022,21:05:31,2.115650780519258,1,2
0.2049114238693251,06 Jan 2022,06:51:34,-0.42359671186914793,1,1
0.20953412631508925,06 Jan 2022,22:27:11,1.8378993121829388,1,2
0.21415682876085343,06 Jan 2022,07:11:41,-0.7394709307614322,1,1
0.21877953120661758,06 Jan 2022,11:11:14,1.4975176107903911,1,2
0.22340223365238174,06 Jan 2022,02:24:29,-0.7598938328449851,1,1
0.2280249360981459,06 Jan 2022,12:39:43,1.705150448639845,1,2
0.23264763854391007,06 Jan 2022,19:22:16,1.7943304544046927,1,2
0.23727034098967423,06 Jan 2022,04:27:17,-0.06551516200418785,1,1
0.24189304343543838,06 Jan 2022,00:00:47,-0.3453089205488621,1,1
0.24651574588120256,06 Jan 2022,14:49:15,1.1285438464808695,1,2
0.2511384483269667,06 Jan 2022,03:04:02,-0.7564900158310596,1,1
0.25576115077273087,06 Jan 2022,11:55:29,1.5601478438466199,1,2
0.26038385321849505,06 Jan 2022,22:07:27,2.089781771213424,1,2
0.2650065556642592,06 Jan 2022,09:45:33,2.0959086418384896,1,2
0.26962925811002336,06 Jan 2022,05:08:32,-0.7530861988171341,1,1
0.27425196055578754,06 Jan 2022,13:46:14,1.3640879838445124,1,2
0.2793528735993894,06 Jan 2022,01:44:11,-0.7224518456918049,1,1
0.2839755760451535,06 Jan 2022,21:25:47,1.9931133680179405,1,2
0.2885982784909177,06 Jan 2022,12:59:33,1.1149285784251677,1,2
0.29322098093668186,06 Jan 2022,20:24:18,1.8065841956548243,1,2
0.297843683382446,06 Jan 2022,16:36:37,1.3790647787057846,1,2
0.30246638582821017,06 Jan 2022,09:01:22,2.1013547490607705,1,2
0.30708908827397435,06 Jan 2022,00:21:03,-0.7483208549976385,1,1
0.3117117907197385,06 Jan 2022,04:48:19,-0.7340248235391514,1,1
0.31633449316550266,06 Jan 2022,19:42:14,1.5056867716238123,1,2
0.3209571956112668,06 Jan 2022,15:53:30,1.325965233288547,1,2
0.32557989805703097,06 Jan 2022,08:40:21,-0.6792233696149513,1,1
0.33020260050279515,06 Jan 2022,23:28:11,2.1088431464914064,1,2
0.013467781201643774,07 Jan 2022,02:54:56,-0.7435555111781428,1,0
0.018090483647407937,07 Jan 2022,08:06:46,2.1714733795476358,1,2
0.0227131860931721,07 Jan 2022,08:06:46,2.1714733795476358,1,2
0.02733588853893626,07 Jan 2022,23:49:52,-0.6792233696149513,1,0
0.03195859098470042,07 Jan 2022,16:35:19,0.9951142195349908,1,2
0.03658129343046458,07 Jan 2022,19:58:56,1.7317002213484642,1,2
0.04120399587622874,07 Jan 2022,18:58:00,1.325965233288547,1,2
0.04582669832199291,07 Jan 2022,08:27:56,2.0502974938518888,1,2
0.05044940076775707,07 Jan 2022,03:57:00,-0.7394709307614322,1,0
0.05507210321352123,07 Jan 2022,06:41:21,-0.7394709307614322,1,0
0.059694805659285394,07 Jan 2022,13:28:30,1.0311946798826008,1,2
0.06431750810504955,07 Jan 2022,20:41:00,1.927760081350571,1,2
0.06894021055081372,07 Jan 2022,16:56:15,1.0999517835638954,1,2
0.06989663174648907,07 Jan 2022,13:07:44,1.719446480098332,1,2
0.07818561544234204,07 Jan 2022,00:48:57,-0.7442362745809279,1,0
0.0828083178881062,07 Jan 2022,04:56:36,-0.4426580871471306,1,0
0.08743102033387036,07 Jan 2022,23:07:50,1.710596555862126,1,2
0.08950326625783361,07 Jan 2022,17:16:02,1.402891497803263,1,2
0.09412596870359777,07 Jan 2022,10:09:15,1.8481107632247151,1,2
0.09874867114936194,07 Jan 2022,02:13:36,-0.38343167110482734,1,0
0.10337137359512609,07 Jan 2022,05:59:13,-0.751724672011564,1,0
0.10799407604089026,07 Jan 2022,04:16:47,-0.7462785647892832,1,0
0.11261677848665441,07 Jan 2022,15:12:16,1.0189409386324693,1,2
0.11723948093241858,07 Jan 2022,21:02:12,2.1510504774640826,1,2
0.12186218337818273,07 Jan 2022,15:33:12,0.8718960436308885,1,2
0.1264848858239469,07 Jan 2022,12:19:59,1.1632627800229092,1,2
0.13110758826971106,07 Jan 2022,08:48:07,1.9577136710731158,1,2
0.13573029071547524,07 Jan 2022,19:19:41,1.8487915266275003,1,2
0.1403529931612394,07 Jan 2022,22:47:43,2.024428484546055,1,2
0.14497569560700355,07 Jan 2022,21:23:56,1.9059756524614482,1,2
0.1495983980527677,07 Jan 2022,07:24:18,-0.7428747477753577,1,0
0.15422110049853188,07 Jan 2022,11:58:44,1.5186212762767293,1,2
0.16155366299870952,07 Jan 2022,17:36:08,1.0693174304385662,1,2
0.16617636544447367,07 Jan 2022,18:38:17,1.702427395028705,1,2
0.17079906789023783,07 Jan 2022,14:51:19,0.9263571158536962,1,2
0.17542177033600198,07 Jan 2022,10:54:16,1.6649854078755242,1,2
0.18004447278176616,07 Jan 2022,01:30:29,-0.723813372497375,1,1
0.18466717522753032,07 Jan 2022,21:45:08,1.8270070977383772,1,2
0.18928987767329447,07 Jan 2022,05:38:38,-0.7251748993029453,1,1
0.19391258011905865,07 Jan 2022,01:08:45,-0.7544477256227043,1,1
0.1985352825648228,07 Jan 2022,13:49:31,0.8555577219640461,1,2
0.20315798501058696,07 Jan 2022,11:15:18,1.2572081296072524,1,2
0.20507082740193766,07 Jan 2022,03:36:19,-0.7571707792338448,1,1
0.20969352984770182,07 Jan 2022,18:17:01,1.3797455421085696,1,2
0.21431623229346597,07 Jan 2022,22:26:56,1.6867698367646473,1,2
0.21893893473923015,07 Jan 2022,12:41:59,1.3395805013442488,1,2
0.2235616371849943,07 Jan 2022,16:14:18,1.097228729952755,1,2
0.22818433963075846,07 Jan 2022,05:17:09,-0.7387901673586472,1,1
0.2328070420765226,07 Jan 2022,00:29:09,-0.4106622072162312,1,1
0.2374297445222868,07 Jan 2022,14:09:32,0.974691317451438,1,2
0.24205244696805095,07 Jan 2022,17:55:57,1.3668110374556528,1,2
0.2466751494138151,07 Jan 2022,07:03:55,-0.7108788678444582,1,1
0.25129785185957926,07 Jan 2022,02:34:48,-0.7340248235391514,1,1
0.25592055430534344,07 Jan 2022,07:45:46,1.9801788633650235,1,2
0.2605432567511076,07 Jan 2022,03:16:15,-0.7285787163168708,1,1
0.26516595919687175,07 Jan 2022,11:36:14,1.38110706891414,1,2
0.26978866164263593,07 Jan 2022,19:39:04,1.4444180653731538,1,2
0.27441136408840006,07 Jan 2022,22:07:13,2.067997342324301,1,2
0.28158452305596515,07 Jan 2022,14:30:15,0.9876258221043547,1,2
0.28620722550172933,07 Jan 2022,10:30:53,1.8773835895444742,1,2
0.29082992794749346,07 Jan 2022,15:53:55,0.9365685668954726,1,2
0.29545263039325764,07 Jan 2022,06:20:25,-0.7244941359001601,1,1
0.3000753328390218,07 Jan 2022,09:47:41,-0.6792233696149513,1,1
0.30469803528478595,07 Jan 2022,20:19:03,1.6500086130142526,1,2
-1.8212668791688909,08 Jan 2022,00:10:47,-0.7292594797196558,1,0
-1.8166441767231267,08 Jan 2022,06:13:41,-0.7244941359001601,1,0
-1.8120214742773624,08 Jan 2022,09:47:11,-0.7251748993029453,1,0
-1.8073987718315982,08 Jan 2022,17:25:44,-0.7496823818032086,1,0
-1.8027760693858341,08 Jan 2022,03:22:00,-0.7197287920806645,1,0
-1.79815336694007,08 Jan 2022,12:33:03,-0.7551284890254893,1,0
-1.7935306644943059,08 Jan 2022,18:07:35,-0.7435555111781428,1,0
-1.7889079620485417,08 Jan 2022,23:45:03,-0.745597801386498,1,0
-1.7842852596027774,08 Jan 2022,06:54:29,-0.7558092524282746,1,0
-1.7796625571570133,08 Jan 2022,15:22:42,-0.7326632967335813,1,0
-1.7750398547112491,08 Jan 2022,08:20:11,-0.3725394566602659,-1,0
-1.770417152265485,08 Jan 2022,12:13:36,-0.7313017699280111,1,0
-1.765794449819721,08 Jan 2022,17:46:59,-0.7313017699280111,1,0
-1.7611717473739568,08 Jan 2022,22:39:08,-0.7367478771502919,1,0
-1.7565490449281924,08 Jan 2022,10:09:03,-0.7224518456918049,1,0
-1.7519263424824283,08 Jan 2022,00:30:25,-0.7503631452059938,1,0
-1.7473036400366642,08 Jan 2022,15:41:57,-0.7680629936784062,1,0
-1.7426809375909,08 Jan 2022,19:06:36,-0.7551284890254893,1,0
-1.738058235145136,08 Jan 2022,14:36:50,-0.7558092524282746,1,0
-1.7334355326993718,08 Jan 2022,10:51:53,-0.7496823818032086,1,0
-1.7288128302536074,08 Jan 2022,05:52:06,-0.72313260909459,1,0
-1.7241901278078433,08 Jan 2022,23:24:37,-0.7129211580528134,1,0
-1.7195674253620792,08 Jan 2022,04:03:25,-0.7462785647892832,1,0
-1.714944722916315,08 Jan 2022,08:42:13,-0.7129211580528134,1,0
-1.710322020470551,08 Jan 2022,16:04:01,-0.72313260909459,1,0
-1.7056993180247868,08 Jan 2022,21:58:48,-0.72313260909459,1,0
-1.7010766155790227,08 Jan 2022,22:17:54,-0.7558092524282746,1,0
-1.6964539131332583,08 Jan 2022,16:44:53,-0.7462785647892832,1,0
-1.6918312106874942,08 Jan 2022,21:16:29,-0.7272171895113005,1,0
-1.68720850824173,08 Jan 2022,04:25:35,-0.7176865018723092,1,0
-1.682585805795966,08 Jan 2022,01:33:12,-0.7340248235391514,1,0
-1.6779631033502018,08 Jan 2022,05:09:24,-0.7156442116639539,1,0
-1.6733404009044377,08 Jan 2022,09:25:32,-0.38615472471596773,-1,0
-1.6715869620456996,08 Jan 2022,17:05:28,-0.7340248235391514,1,0
-1.6669642595999352,08 Jan 2022,13:15:50,-0.7108788678444582,1,0
-1.662341557154171,08 Jan 2022,13:56:55,-0.7476400915948535,1,0
-1.654849591121381,08 Jan 2022,20:55:03,-0.3963661757577442,-1,0
-1.6502268886756168,08 Jan 2022,01:12:30,-0.7299402431224409,1,0
-1.6456041862298527,08 Jan 2022,05:30:24,-0.7340248235391514,1,0
-1.6409814837840884,08 Jan 2022,00:51:12,-0.7408324575670024,1,0
-1.6363587813383242,08 Jan 2022,04:47:13,-0.7197287920806645,1,0
-1.6317360788925601,08 Jan 2022,11:52:03,-0.7667014668728361,1,0
-1.627113376446796,08 Jan 2022,16:23:53,-0.7469593281920682,1,0
-1.6224906740010319,08 Jan 2022,21:36:58,-0.7503631452059938,1,0
-1.6178679715552677,08 Jan 2022,10:31:17,-0.709517341038888,1,0
-1.6132452691095034,08 Jan 2022,14:17:27,-0.7462785647892832,1,0
-1.6086225666637393,08 Jan 2022,20:08:24,-0.7353863503447217,1,0
-1.6039998642179751,08 Jan 2022,02:16:58,-0.38411243450761245,-1,0
-1.599377161772211,08 Jan 2022,06:34:39,-0.7381094039558621,1,0
-1.5947544593264469,08 Jan 2022,07:35:48,-0.7381094039558621,1,0
-1.5901317568806828,08 Jan 2022,11:12:10,-0.7408324575670024,1,0
-1.5855090544349186,08 Jan 2022,02:59:50,-0.7285787163168708,1,0
-1.5808863519891543,08 Jan 2022,02:38:45,-0.7217710822890198,1,0
-1.5762636495433902,08 Jan 2022,07:15:16,-0.7381094039558621,1,0
-1.571640947097626,08 Jan 2022,11:33:03,-0.7340248235391514,1,0
-1.567018244651862,08 Jan 2022,15:01:25,-0.680925278121914,1,0
-1.5623955422060978,08 Jan 2022,19:47:35,-0.42495823867471816,-1,0
-1.5577728397603336,08 Jan 2022,12:52:49,-0.7564900158310596,1,0
-1.5531501373145693,08 Jan 2022,03:43:33,-0.7319825333307961,1,0
-1.5485274348688052,08 Jan 2022,13:36:59,-0.7381094039558621,1,0
-1.543904732423041,08 Jan 2022,18:46:29,-0.45831564541118786,-1,0
-1.539282029977277,08 Jan 2022,23:02:00,-0.6993058899971115,1,0
-1.1830151345882114,09 Jan 2022,20:54:31,1.9291216081561418,-1,2
-1.1783924321424473,09 Jan 2022,09:09:59,-0.7503631452059938,1,0
-1.173769729696683,09 Jan 2022,23:41:11,-0.6792233696149513,1,0
-1.1691470272509188,09 Jan 2022,19:52:56,-0.7408324575670024,1,0
-1.1645243248051547,09 Jan 2022,16:44:52,-0.7149634482611688,1,0
-1.1599016223593905,09 Jan 2022,13:18:08,-0.7333440601363664,1,0
-1.1552789199136264,09 Jan 2022,09:30:50,-0.7217710822890198,1,0
-1.1506562174678623,09 Jan 2022,05:02:19,-0.7387901673586472,1,0
-1.146033515022098,09 Jan 2022,00:04:59,-0.745597801386498,1,0
-1.1414108125763338,09 Jan 2022,18:50:15,-0.42019289485522254,1,0
-1.1367881101305697,09 Jan 2022,15:20:47,-0.7326632967335813,1,0
-1.1321654076848056,09 Jan 2022,10:32:39,-0.7306210065252261,1,0
-1.1275427052390414,09 Jan 2022,02:37:18,-0.7367478771502919,1,0
-1.1229200027932773,09 Jan 2022,21:57:25,1.961117488087041,1,2
-1.1182973003475132,09 Jan 2022,10:11:57,-0.41474678763294176,1,0
-1.1136745979017488,09 Jan 2022,13:59:01,-0.7544477256227043,1,0
-1.1090518954559847,09 Jan 2022,07:06:59,-0.7564900158310596,1,0
-1.1044291930102206,09 Jan 2022,06:47:25,-0.7401516941642172,1,0
-1.0998064905644565,09 Jan 2022,01:54:08,-0.3507550277711428,1,0
-1.0951837881186923,09 Jan 2022,07:28:37,-0.7244941359001601,1,0
-1.0905610856729282,09 Jan 2022,02:57:16,-0.744917037983713,1,0
-1.0859383832271639,09 Jan 2022,14:19:15,-0.7421939843725727,1,0
-1.0813156807813997,09 Jan 2022,03:59:28,-0.7353863503447217,1,0
-1.0766929783356356,09 Jan 2022,22:18:15,2.0584666546853096,1,2
-1.0720702758898715,09 Jan 2022,04:41:37,-0.7353863503447217,1,0
-1.0674475734441073,09 Jan 2022,13:39:09,-0.72313260909459,1,0
-1.0628248709983432,09 Jan 2022,17:26:39,-0.39500464895217396,1,0
-1.0582021685525789,09 Jan 2022,19:32:44,-0.716324975066739,1,0
-1.0535794661068147,09 Jan 2022,16:02:20,-0.7306210065252261,1,0
-1.0489567636610506,09 Jan 2022,08:09:16,-0.7360671137475069,1,0
-1.0443340612152865,09 Jan 2022,12:36:54,-0.7394709307614322,1,0
-1.0397113587695224,09 Jan 2022,03:38:34,-0.7381094039558621,1,0
-1.0350886563237582,09 Jan 2022,22:58:05,1.9325254251700672,1,2
-1.030465953877994,09 Jan 2022,12:56:55,-0.745597801386498,1,0
-1.0258432514322298,09 Jan 2022,20:34:48,1.696981287806424,1,2
-1.0212205489864656,09 Jan 2022,08:49:48,-0.7469593281920682,1,0
-1.0165978465407015,09 Jan 2022,03:18:14,-0.7381094039558621,1,0
-1.0119751440949374,09 Jan 2022,17:48:20,-0.716324975066739,1,0
-1.0073524416491733,09 Jan 2022,00:24:51,-0.7544477256227043,1,0
-1.0027297392034091,09 Jan 2022,10:52:26,-0.7469593281920682,1,0
-0.9981070367576449,09 Jan 2022,06:26:25,-0.751724672011564,1,0
-0.9934843343118807,09 Jan 2022,01:04:57,-0.7476400915948535,1,0
-0.9888616318661165,09 Jan 2022,06:06:47,-0.6999866533998966,1,0
-0.9842389294203524,09 Jan 2022,16:22:57,-0.7374286405530769,1,0
-0.9796162269745882,09 Jan 2022,08:30:09,-0.7292594797196558,1,0
-0.974993524528824,09 Jan 2022,04:20:32,-0.7326632967335813,1,0
-0.9703708220830599,09 Jan 2022,11:34:41,-0.751724672011564,1,0
-0.9657481196372958,09 Jan 2022,19:10:50,-0.7258556627057303,1,0
-0.9611254171915316,09 Jan 2022,22:38:02,1.9529483272536197,1,2
-0.9565027147457674,09 Jan 2022,14:40:24,-0.7204095554834495,1,0
-0.9518800123000033,09 Jan 2022,15:41:07,-0.7367478771502919,1,0
-0.9472573098542391,09 Jan 2022,20:13:30,-0.7353863503447217,1,0
-0.9426346074084749,09 Jan 2022,00:44:48,-0.7490016184004236,1,0
-0.9380119049627108,09 Jan 2022,05:43:31,-0.42019289485522254,1,0
-0.9333892025169466,09 Jan 2022,12:16:36,-0.7122403946500284,1,0
-0.9287665000711824,09 Jan 2022,07:48:50,-0.7333440601363664,1,0
-0.9241437976254183,09 Jan 2022,21:38:03,2.260653385312483,1,2
-0.9195210951796541,09 Jan 2022,21:15:52,2.197342388853469,1,2
-0.91489839273389,09 Jan 2022,11:15:04,-0.6993058899971115,1,0
-0.9102756902881258,09 Jan 2022,11:54:29,-0.7408324575670024,1,0
-0.9056529878423616,09 Jan 2022,02:15:57,-0.7210903188862345,1,0
-0.9010302853965975,09 Jan 2022,18:09:03,-0.7347055869419366,1,0
-0.8964075829508333,09 Jan 2022,14:59:37,-0.7612553596505554,1,0
-1.2604852514379141,10 Jan 2022,19:54:47,1.4852638695402596,-1,2
-1.25586254899215,10 Jan 2022,08:33:11,-0.7469593281920682,1,0
-1.2512398465463859,10 Jan 2022,11:58:57,-0.7394709307614322,1,0
-1.2466171441006217,10 Jan 2022,04:29:47,-0.7367478771502919,1,0
-1.2415162310570198,10 Jan 2022,12:18:24,-0.7496823818032086,1,0
-1.2330678438285543,10 Jan 2022,21:35:48,1.8133918296826756,-1,2
-1.2325896332307167,10 Jan 2022,12:18:24,-0.7496823818032086,1,0
-1.228126334317565,10 Jan 2022,08:53:14,-0.7469593281920682,1,0
-1.223503631871801,10 Jan 2022,04:48:51,-0.7646591766644807,1,0
-1.2188809294260368,10 Jan 2022,10:58:05,-0.723813372497375,1,0
-1.2142582269802726,10 Jan 2022,14:09:08,-0.6952213095804011,1,0
-1.2096355245345085,10 Jan 2022,06:32:26,-0.7156442116639539,1,0
-1.2050128220887442,10 Jan 2022,03:04:21,-0.716324975066739,1,0
-1.20039011964298,10 Jan 2022,21:57:08,1.8133918296826756,-1,2
-1.195767417197216,10 Jan 2022,06:52:57,-0.7394709307614322,1,0
-1.1911447147514518,10 Jan 2022,02:23:21,-0.7503631452059938,1,0
-1.1865220123056877,10 Jan 2022,14:28:53,-0.7503631452059938,1,0
-1.1818993098599235,10 Jan 2022,16:51:00,1.1122055248140272,1,2
-1.1772766074141592,10 Jan 2022,19:35:24,-0.6792233696149513,1,0
-1.172653904968395,10 Jan 2022,15:10:09,-0.7244941359001601,1,0
-1.168031202522631,10 Jan 2022,20:54:34,1.5873783799580239,1,2
-1.1634085000768668,10 Jan 2022,11:38:25,-0.7435555111781428,1,0
-1.1587857976311027,10 Jan 2022,07:33:17,-0.7510439086087788,1,0
-1.1541630951853386,10 Jan 2022,02:03:32,-0.752405435414349,1,0
-1.1495403927395742,10 Jan 2022,22:18:47,1.8937219112113166,1,2
-1.14491769029381,10 Jan 2022,17:52:10,1.1979817135649493,1,2
-1.140294987848046,10 Jan 2022,08:13:41,-0.7421939843725727,1,0
-1.1356722854022818,10 Jan 2022,03:47:41,-0.7435555111781428,1,0
-1.1310495829565177,10 Jan 2022,13:03:18,-0.680925278121914,1,0
-1.1264268805107536,10 Jan 2022,15:50:47,-0.7530861988171341,1,0
-1.1218041780649894,10 Jan 2022,05:09:42,-0.7333440601363664,1,0
-1.117181475619225,10 Jan 2022,09:56:23,-0.72313260909459,1,0
-1.112558773173461,10 Jan 2022,20:34:28,1.7317002213484642,1,2
-1.1079360707276968,10 Jan 2022,20:15:45,1.5717208216939664,1,2
-1.1033133682819327,10 Jan 2022,05:50:00,-0.4188313680496524,1,0
-1.0986906658361686,10 Jan 2022,00:41:56,-0.7462785647892832,1,0
-1.0940679633904045,10 Jan 2022,13:24:35,-0.7292594797196558,1,0
-1.0894452609446401,10 Jan 2022,16:11:44,0.23606302542960944,1,0
-1.084822558498876,10 Jan 2022,18:32:57,1.2885232461353668,1,2
-1.0801998560531119,10 Jan 2022,04:08:53,-0.7285787163168708,1,0
-1.0755771536073477,10 Jan 2022,21:14:24,1.7494000698208765,1,2
-1.0709544511615836,10 Jan 2022,17:12:05,1.0931441495360446,1,2
-1.0663317487158195,10 Jan 2022,10:37:27,-0.7353863503447217,1,0
-1.062506063933118,10 Jan 2022,06:10:26,-0.7408324575670024,1,0
-1.057883361487354,10 Jan 2022,00:22:16,-0.4263197654802883,1,0
-1.0532606590415896,10 Jan 2022,23:20:38,1.7956919812102627,1,2
-1.0486379565958255,10 Jan 2022,13:45:32,-0.7265364261085153,1,0
-1.0440152541500614,10 Jan 2022,17:31:46,0.8984458163395073,1,2
-1.0393925517042972,10 Jan 2022,01:23:09,-0.7571707792338448,1,0
-1.034769849258533,10 Jan 2022,10:16:22,-0.7421939843725727,1,0
-1.029350129149706,10 Jan 2022,09:12:28,-0.7476400915948535,1,0
-1.024727426703942,10 Jan 2022,03:27:43,-0.7013481802054669,1,0
-1.0201047242581778,10 Jan 2022,23:42:16,2.034639935587831,1,2
-1.0154820218124136,10 Jan 2022,16:31:04,1.3947223369698418,1,2
-1.0108593193666495,10 Jan 2022,09:35:45,-0.7013481802054669,1,0
-1.0062366169208854,10 Jan 2022,01:03:10,-0.7306210065252261,1,0
-1.001613914475121,10 Jan 2022,23:00:18,1.6976620512092089,1,2
-0.9969912120293569,10 Jan 2022,18:11:59,1.3879147029419907,1,2
-0.9923685095835928,10 Jan 2022,02:42:50,-0.7544477256227043,1,0
-0.9877458071378287,10 Jan 2022,12:39:44,-0.7299402431224409,1,0
-0.9831231046920644,10 Jan 2022,07:13:03,-0.745597801386498,1,0
-0.9785004022463003,10 Jan 2022,15:30:37,-0.7394709307614322,1,0
-0.9738776998005362,10 Jan 2022,01:43:21,-0.7353863503447217,1,0
-0.9692549973547719,10 Jan 2022,07:53:17,-0.7353863503447217,1,0
-0.9646322949090078,10 Jan 2022,11:18:47,-0.7387901673586472,1,0
-0.9600095924632437,10 Jan 2022,14:48:38,-0.7394709307614322,1,0
-0.9553868900174796,10 Jan 2022,18:54:15,1.7153618996816218,1,2
-0.9507641875717153,10 Jan 2022,22:40:03,1.8978064916280273,1,2
-0.8747287025155255,11 Jan 2022,21:57:29,1.7146811362788366,1,2
-0.8701060000697614,11 Jan 2022,10:28:50,1.6146089160694277,1,2
-0.8654832976239972,11 Jan 2022,06:35:59,-0.7340248235391514,1,0
-0.860860595178233,11 Jan 2022,17:05:22,0.8705345168253185,1,2
-0.8562378927324689,11 Jan 2022,15:19:12,0.02298408035787463,1,0
-0.8516151902867047,11 Jan 2022,10:48:52,1.4988791375959611,1,2
-0.8469924878409405,11 Jan 2022,07:15:35,-0.7612553596505554,1,0
-0.8423697853951764,11 Jan 2022,03:05:27,-0.7319825333307961,1,0
-0.8377470829494122,11 Jan 2022,19:50:56,1.6009936480137257,1,2
-0.833124380503648,11 Jan 2022,14:37:58,0.36404654515320733,1,0
-0.8285016780578839,11 Jan 2022,07:36:18,-0.7265364261085153,1,0
-0.8238789756121198,11 Jan 2022,11:10:19,1.1067594175917466,1,2
-0.8192562731663555,11 Jan 2022,21:12:42,1.7609730476682228,1,2
-0.8146335707205914,11 Jan 2022,17:45:57,1.2020662939816595,1,2
-0.8100108682748273,11 Jan 2022,13:15:26,0.5567025881413893,1,0
-0.8053881658290631,11 Jan 2022,03:45:59,-0.751724672011564,1,0
-0.8007654633832989,11 Jan 2022,22:18:34,1.8372185487801536,1,2
-0.7961427609375348,11 Jan 2022,18:27:07,1.110843998008457,1,2
-0.7915200584917707,11 Jan 2022,10:06:46,1.7779921327378503,1,2
-0.7868973560460064,11 Jan 2022,01:42:04,-0.7442362745809279,1,0
-0.7822746536002423,11 Jan 2022,20:12:15,1.8229225173216665,1,2
-0.7776519511544782,11 Jan 2022,11:30:16,0.8208387884220062,1,2
-0.7707975992521382,11 Jan 2022,03:25:35,-0.7421939843725727,1,0
-0.766174896806374,11 Jan 2022,22:58:35,1.4866253963458296,1,2
-0.7615521943606098,11 Jan 2022,16:23:43,0.8936804725200116,1,2
-0.7569294919148457,11 Jan 2022,13:56:19,0.5178990741826389,1,0
-0.7523067894690815,11 Jan 2022,09:45:28,1.926398554545001,1,2
-0.7476840870233173,11 Jan 2022,05:53:14,-0.7204095554834495,1,0
-0.7430613845775532,11 Jan 2022,00:21:51,-0.2608942586035102,1,0
-0.738438682131789,11 Jan 2022,09:05:10,2.100673985657986,1,2
-0.7338159796860249,11 Jan 2022,04:45:49,-0.4372119799248499,1,0
-0.7291932772402607,11 Jan 2022,23:19:19,1.737146328570745,1,2
-0.7245705747944965,11 Jan 2022,15:39:59,0.382427157028405,1,0
-0.7199478723487324,11 Jan 2022,19:30:39,-0.6792233696149513,1,0
-0.7153251699029682,11 Jan 2022,15:59:41,0.41782685397323,1,0
-0.710702467457204,11 Jan 2022,12:10:23,0.6955783223095489,1,2
-0.7060797650114399,11 Jan 2022,02:02:17,-0.7435555111781428,1,0
-0.7036887120222516,11 Jan 2022,07:56:26,-0.751724672011564,1,0
-0.6990660095764873,11 Jan 2022,23:39:00,1.3286882868996874,1,2
-0.6944433071307232,11 Jan 2022,21:36:36,1.8719374823221935,1,2
-0.6898206046849591,11 Jan 2022,09:25:49,2.093866351630135,1,2
-0.6851979022391949,11 Jan 2022,12:33:18,0.8351348198804934,1,2
-0.6805751997934307,11 Jan 2022,04:06:14,-0.7442362745809279,1,0
-0.6759524973476666,11 Jan 2022,14:59:50,0.31094699973597,1,0
-0.6713297949019024,11 Jan 2022,17:24:31,0.9951142195349908,1,2
-0.6667070924561382,11 Jan 2022,06:14:49,-0.7265364261085153,1,0
-0.6620843900103741,11 Jan 2022,02:44:55,-0.7326632967335813,1,0
-0.6574616875646099,11 Jan 2022,08:43:40,2.5908236356632544,-1,2
-0.6528389851188457,11 Jan 2022,11:51:36,0.9760528442570081,1,2
-0.6482162826730816,11 Jan 2022,20:52:13,1.5050060082210273,1,2
-0.6435935802273174,11 Jan 2022,22:38:27,1.5002406644015316,1,2
-0.6389708777815533,11 Jan 2022,06:56:06,-0.7408324575670024,1,0
-0.6343481753357891,11 Jan 2022,12:52:26,0.7234896218237377,1,2
-0.6297254728900249,11 Jan 2022,02:23:43,-0.7326632967335813,1,0
-0.6251027704442608,11 Jan 2022,18:06:01,0.8984458163395073,1,2
-0.6204800679984966,11 Jan 2022,08:19:07,-0.7061135240249626,1,0
-0.6158573655527324,11 Jan 2022,20:32:15,1.63094723773627,1,2
-0.6112346631069683,11 Jan 2022,13:35:23,0.4103384565425939,1,0
-0.6066119606612042,11 Jan 2022,01:21:37,-0.7592130694421999,1,0
-0.6019892582154399,11 Jan 2022,01:02:25,-0.7435555111781428,1,0
-0.5973665557696758,11 Jan 2022,05:07:23,-0.7299402431224409,1,0
-0.5927438533239117,11 Jan 2022,18:47:29,1.4730101282901278,1,2
-0.5881211508781475,11 Jan 2022,14:17:10,0.46956487258489726,1,0
-0.5834984484323833,11 Jan 2022,16:43:55,0.6002714459196354,1,2
-0.5788757459866192,11 Jan 2022,00:42:10,-0.7381094039558621,1,0
-0.574253043540855,11 Jan 2022,05:31:26,-0.6761599343024184,1,0
-0.29210879081662855,12 Jan 2022,22:48:43,2.1428813166306617,1,2
-0.2874860883708644,12 Jan 2022,08:39:49,-0.7367478771502919,1,0
-0.28286338592510024,12 Jan 2022,12:34:45,-0.716324975066739,1,0
-0.2782406834793361,12 Jan 2022,03:04:28,-0.7490016184004236,1,0
-0.27361798103357193,12 Jan 2022,15:44:27,-0.7421939843725727,1,0
-0.26899527858780775,12 Jan 2022,18:52:39,-0.7476400915948535,1,0
-0.2643725761420436,12 Jan 2022,07:59:37,-0.7047519972193923,1,0
-0.25974987369627944,12 Jan 2022,12:55:41,-0.7299402431224409,1,0
-0.25512717125051526,12 Jan 2022,01:20:24,-0.7394709307614322,1,0
-0.25050446880475113,12 Jan 2022,16:48:04,-0.39500464895217396,1,0
-0.24588176635898695,12 Jan 2022,20:17:45,-0.38751625152153796,1,0
-0.2412590639132228,12 Jan 2022,23:08:35,1.9495445102396942,1,2
-0.23663636146745864,12 Jan 2022,13:37:33,-0.709517341038888,1,0
-0.23201365902169446,12 Jan 2022,16:05:16,-0.7272171895113005,1,0
-0.2273909565759303,12 Jan 2022,10:04:12,-0.7503631452059938,1,0
-0.22276825413016615,12 Jan 2022,00:40:05,-0.7278979529140857,1,0
-0.21814555168440197,12 Jan 2022,05:54:12,-0.7285787163168708,1,0
-0.21352284923863782,12 Jan 2022,19:35:35,-0.7401516941642172,1,0
-0.20890014679287366,12 Jan 2022,19:14:39,-0.7074750508305326,1,0
-0.2042774443471095,12 Jan 2022,23:29:08,2.06118970829645,1,2
-0.20156758429269603,12 Jan 2022,01:43:54,-0.6959020729831861,1,0
-0.19694488184693187,12 Jan 2022,02:03:35,-0.7544477256227043,1,0
-0.1923221794011677,12 Jan 2022,06:14:32,-0.7319825333307961,1,0
-0.18769947695540354,12 Jan 2022,10:24:22,-0.7360671137475069,1,0
-0.18307677450963938,12 Jan 2022,12:12:46,-0.7054327606221774,1,0
-0.17845407206387523,12 Jan 2022,04:09:06,-0.7340248235391514,1,0
-0.17383136961811105,12 Jan 2022,22:27:42,2.06118970829645,1,2
-0.1692086671723469,12 Jan 2022,15:23:48,-0.7244941359001601,1,0
-0.16219491173739436,12 Jan 2022,17:08:59,-0.7258556627057303,1,0
-0.1575722092916302,12 Jan 2022,17:51:10,-0.39840846596609947,1,0
-0.15294950684586606,12 Jan 2022,07:18:18,-0.3698164030491255,1,0
-0.14832680440010187,12 Jan 2022,03:24:25,-0.7462785647892832,1,0
-0.14370410195433772,12 Jan 2022,05:11:08,-0.7408324575670024,1,0
-0.13908139950857357,12 Jan 2022,21:01:01,1.7466770162097358,1,2
-0.1344586970628094,12 Jan 2022,13:58:10,-0.7381094039558621,1,0
-0.12983599461704523,12 Jan 2022,18:13:17,-0.7149634482611688,1,0
-0.12521329217128108,12 Jan 2022,21:45:59,2.4580747721201606,-1,2
-0.12059058972551692,12 Jan 2022,14:41:57,-0.7496823818032086,1,0
-0.11612729081236531,12 Jan 2022,08:19:26,-0.7537669622199192,1,0
-0.11134518483398859,12 Jan 2022,10:45:25,-0.7299402431224409,1,0
-0.1091135353774128,12 Jan 2022,02:25:03,-0.7204095554834495,1,0
-0.10449083293164863,12 Jan 2022,22:06:52,2.079570320171648,1,2
-0.09986813048588447,12 Jan 2022,23:54:04,0.8957227627283669,1,2
-0.0952454280401203,12 Jan 2022,03:48:33,-0.687732912149765,1,0
-0.09062272559435615,12 Jan 2022,11:50:24,-0.7204095554834495,1,0
-0.08600002314859198,12 Jan 2022,13:15:58,-0.751724672011564,1,0
-0.08137732070282783,12 Jan 2022,04:50:45,-0.4086199170078759,1,0
-0.07675461825706366,12 Jan 2022,18:32:30,-0.752405435414349,1,0
-0.07213191581129949,12 Jan 2022,15:02:48,-0.7278979529140857,1,0
-0.06750921336553534,12 Jan 2022,02:44:25,-0.7626168864561255,1,0
-0.06288651091977117,12 Jan 2022,06:33:53,-0.7571707792338448,1,0
-0.058263808474007014,12 Jan 2022,11:06:38,-0.723813372497375,1,0
-0.053641106028242846,12 Jan 2022,09:23:58,-0.3670933494379851,1,0
-0.049018403582478685,12 Jan 2022,00:18:42,-0.4460619041610561,1,0
-0.044395701136714524,12 Jan 2022,20:39:37,-0.7129211580528134,1,0
-0.03977299869095036,12 Jan 2022,14:21:59,-0.6904559657609053,1,0
-0.033237453853835516,12 Jan 2022,11:28:52,-0.7081558142333179,1,0
-0.028614751408071352,12 Jan 2022,07:37:25,-0.7660207034700509,1,0
-0.02399204896230719,12 Jan 2022,21:22:55,2.185088647603337,1,2
-0.01936934651654303,12 Jan 2022,09:43:59,-0.7353863503447217,1,0
-0.014746644070778867,12 Jan 2022,05:32:46,-0.7299402431224409,1,0
-0.010123941625014706,12 Jan 2022,01:00:16,-0.7462785647892832,1,0
0.9254153912780841,13 Jan 2022,17:56:43,-0.7197287920806645,1,1
0.9300380937238483,13 Jan 2022,10:34:11,0.005284231885462135,1,1
0.9346607961696124,13 Jan 2022,14:27:29,-0.7013481802054669,1,1
0.9373706562240259,13 Jan 2022,06:46:17,-0.7442362745809279,1,1
0.9419933586697901,13 Jan 2022,21:47:35,1.9563521442675456,1,2
0.9466160611155542,13 Jan 2022,12:19:45,-0.7394709307614322,1,1
0.9512387635613184,13 Jan 2022,04:57:18,-0.7142826848583838,1,1
0.9558614660070825,13 Jan 2022,02:05:35,-0.7176865018723092,1,1
0.9604841684528467,13 Jan 2022,23:53:50,-0.7469593281920682,1,1
0.9651068708986109,13 Jan 2022,17:14:28,-0.7503631452059938,1,1
0.969729573344375,13 Jan 2022,13:43:25,-0.7244941359001601,1,1
0.9743522757901392,13 Jan 2022,09:52:05,-0.7285787163168708,1,1
0.9789749782359034,13 Jan 2022,01:43:54,-0.7401516941642172,1,1
0.9835976806816675,13 Jan 2022,20:24:07,2.1619426919086444,-1,2
0.9882203831274317,13 Jan 2022,16:34:39,-0.7265364261085153,1,1
0.9928430855731959,13 Jan 2022,11:16:24,-0.7272171895113005,1,1
0.99746578801896,13 Jan 2022,04:13:39,-0.3936431221466038,1,1
1.0020884904647243,13 Jan 2022,07:29:31,-0.7333440601363664,1,1
1.0067111929104884,13 Jan 2022,18:40:13,-0.687732912149765,1,1
1.0113338953562525,13 Jan 2022,05:42:00,-0.35483960818785343,1,1
1.0159565978020166,13 Jan 2022,00:38:09,-0.7176865018723092,1,1
1.0205793002477808,13 Jan 2022,09:31:21,-0.7258556627057303,1,1
1.025202002693545,13 Jan 2022,03:31:00,-0.7156442116639539,1,1
1.0298247051393092,13 Jan 2022,16:54:44,-0.7347055869419366,1,1
1.0344474075850734,13 Jan 2022,19:43:24,0.6458825939062369,1,1
1.0390701100308375,13 Jan 2022,08:49:35,-0.7462785647892832,1,1
1.0436928124766016,13 Jan 2022,20:02:46,1.9291216081561418,1,2
1.0483155149223657,13 Jan 2022,12:40:13,-0.7313017699280111,1,1
1.0529382173681299,13 Jan 2022,09:09:56,-0.7421939843725727,1,1
1.0575609198138942,13 Jan 2022,11:58:56,-0.7326632967335813,1,1
1.0621836222596583,13 Jan 2022,03:08:51,-0.7442362745809279,1,1
1.0668063247054225,13 Jan 2022,15:31:13,-0.7326632967335813,1,1
1.0714290271511866,13 Jan 2022,11:38:06,-0.7190480286778793,1,1
1.0760517295969507,13 Jan 2022,18:17:03,-0.7408324575670024,1,1
1.0806744320427148,13 Jan 2022,22:08:07,1.709915792459341,1,2
1.085297134488479,13 Jan 2022,15:09:56,-0.7224518456918049,1,1
1.0899198369342433,13 Jan 2022,01:23:11,-0.35143579117392787,1,1
1.096455381771358,13 Jan 2022,23:12:43,2.1279045217693895,1,2
1.1010780842171222,13 Jan 2022,02:48:48,-0.7129211580528134,1,1
1.1057007866628865,13 Jan 2022,12:59:55,-0.752405435414349,1,1
1.1103234891086506,13 Jan 2022,08:30:00,-0.40589686339673553,1,1
1.1149461915544148,13 Jan 2022,17:35:16,-0.7415132209697876,1,1
1.119568894000179,13 Jan 2022,21:04:45,2.1333506289916704,1,2
1.124191596445943,13 Jan 2022,23:32:56,1.547213339193703,1,2
1.1288142988917071,13 Jan 2022,10:55:46,-0.7258556627057303,1,1
1.1334370013374713,13 Jan 2022,07:08:47,-0.7067942874277476,1,1
1.1380597037832356,13 Jan 2022,14:48:25,-0.7319825333307961,1,1
1.1426824062289997,13 Jan 2022,21:25:57,2.073443449546582,1,2
1.1473051086747639,13 Jan 2022,14:05:10,-0.7176865018723092,1,1
1.151927811120528,13 Jan 2022,20:44:14,1.8964449648224573,1,2
1.1565505135662921,13 Jan 2022,06:03:33,-0.7244941359001601,1,1
1.1611732160120563,13 Jan 2022,06:25:28,-0.716324975066739,1,1
1.1657959184578206,13 Jan 2022,19:02:14,-0.7142826848583838,1,1
1.1704186209035847,13 Jan 2022,22:50:11,-0.6792233696149513,1,1
1.1750413233493489,13 Jan 2022,13:21:41,-0.7156442116639539,1,1
1.179664025795113,13 Jan 2022,07:48:34,-0.7646591766644807,1,1
1.184286728240877,13 Jan 2022,00:16:02,-0.7101981044416731,1,1
1.1889094306866412,13 Jan 2022,04:34:42,-0.7265364261085153,1,1
1.1935321331324056,13 Jan 2022,02:26:03,-0.7374286405530769,1,1
1.1981548355781697,13 Jan 2022,16:12:51,-0.39772770256331436,1,1
0.7875313355682221,14 Jan 2022,02:20:16,-0.7299402431224409,1,1
0.7921540380139862,14 Jan 2022,06:27:59,-0.7353863503447217,1,1
0.7967767404597503,14 Jan 2022,16:04:52,-0.7503631452059938,1,1
0.8013994429055146,14 Jan 2022,07:10:11,-0.7149634482611688,1,1
0.8100072336665927,14 Jan 2022,13:41:40,-0.7490016184004236,1,1
0.813832918449294,14 Jan 2022,22:13:15,-0.7381094039558621,1,1
0.8192526385581209,14 Jan 2022,18:47:57,-0.7285787163168708,1,1
0.8238753410038852,14 Jan 2022,14:42:30,-0.752405435414349,1,1
0.8302514823083874,14 Jan 2022,00:57:45,-0.7027097070110371,1,1
0.8348741847541515,14 Jan 2022,12:21:21,-0.716324975066739,1,1
0.8394968871999157,14 Jan 2022,15:44:53,-0.7313017699280111,1,1
0.8441195896456799,14 Jan 2022,19:29:47,-0.7374286405530769,1,1
0.848742292091444,14 Jan 2022,00:35:21,-0.7408324575670024,1,1
0.8509739415480199,14 Jan 2022,08:53:47,-0.723813372497375,1,1
0.8579876969829724,14 Jan 2022,04:46:05,-0.7292594797196558,1,1
0.8626103994287365,14 Jan 2022,15:03:56,-0.7272171895113005,1,1
0.8672331018745006,14 Jan 2022,21:32:46,-0.7326632967335813,1,1
0.8718558043202649,14 Jan 2022,10:58:23,-0.7408324575670024,1,1
0.876478506766029,14 Jan 2022,03:43:43,-0.7394709307614322,1,1
0.8811012092117931,14 Jan 2022,17:46:14,-0.7612553596505554,1,1
0.8857239116575574,14 Jan 2022,14:02:46,-0.7326632967335813,1,1
0.8860427187227824,14 Jan 2022,10:16:39,-0.7544477256227043,1,1
0.8906654211685466,14 Jan 2022,03:23:18,-0.7483208549976385,1,1
0.8952881236143108,14 Jan 2022,23:16:32,-0.72313260909459,1,1
0.8999108260600749,14 Jan 2022,05:26:39,-0.7353863503447217,1,1
0.9019830719840382,14 Jan 2022,17:26:23,-0.7353863503447217,1,1
0.9066057744298024,14 Jan 2022,08:32:54,-0.7244941359001601,1,1
0.9112284768755665,14 Jan 2022,11:59:49,-0.7360671137475069,1,1
0.9158511793213306,14 Jan 2022,14:23:27,-0.7374286405530769,1,1
0.9204738817670949,14 Jan 2022,00:14:36,-0.7272171895113005,1,1
0.925096584212859,14 Jan 2022,04:25:06,-0.7442362745809279,1,1
0.9297192866586231,14 Jan 2022,22:34:06,-0.7415132209697876,1,1
0.9343419891043873,14 Jan 2022,12:41:00,-0.7605745962477701,1,1
0.9389646915501515,14 Jan 2022,09:15:44,-0.7278979529140857,1,1
0.9435873939959156,14 Jan 2022,05:05:39,-0.7476400915948535,1,1
0.9482100964416798,14 Jan 2022,22:55:23,-0.7170057384695242,1,1
0.952832798887444,14 Jan 2022,19:09:09,-0.7333440601363664,1,1
0.9572960978005955,14 Jan 2022,11:18:49,-0.7387901673586472,1,1
0.9619188002463597,14 Jan 2022,08:11:36,-0.7415132209697876,1,1
0.9665415026921239,14 Jan 2022,04:04:15,-0.7340248235391514,1,1
0.973714661659689,14 Jan 2022,21:11:58,-0.41542755103572687,1,1
0.9783373641054531,14 Jan 2022,07:50:50,-0.7421939843725727,1,1
0.9812066276924791,14 Jan 2022,11:39:29,-0.7415132209697876,1,1
0.9858293301382434,14 Jan 2022,20:31:09,-0.7299402431224409,1,1
0.9904520325840075,14 Jan 2022,16:46:01,-0.7490016184004236,1,1
0.9950747350297716,14 Jan 2022,13:01:24,-0.7381094039558621,1,1
0.9996974374755359,14 Jan 2022,05:46:26,-0.7571707792338448,1,1
1.0043201399213,14 Jan 2022,01:18:20,-0.7408324575670024,1,1
1.008942842367064,14 Jan 2022,23:38:03,-0.72313260909459,1,1
1.0135655448128282,14 Jan 2022,20:09:50,-0.7496823818032086,1,1
1.01802884372598,14 Jan 2022,17:05:54,-0.7462785647892832,1,1
1.026955441552283,14 Jan 2022,09:35:46,-0.7381094039558621,1,1
1.0315781439980474,14 Jan 2022,23:58:52,-0.7381094039558621,1,1
1.0362008464438115,14 Jan 2022,21:52:55,-0.744917037983713,1,1
1.0408235488895756,14 Jan 2022,18:26:30,-0.7626168864561255,1,1
1.0454462513353397,14 Jan 2022,15:24:23,-0.7442362745809279,1,1
1.0500689537811039,14 Jan 2022,02:41:32,-0.7340248235391514,1,1
1.054691656226868,14 Jan 2022,07:30:37,-0.7435555111781428,1,1
1.0593143586726321,14 Jan 2022,13:21:34,-0.7408324575670024,1,1
1.0639370611183965,14 Jan 2022,18:07:35,-0.7149634482611688,1,1
1.0685597635641606,14 Jan 2022,03:02:54,-0.7278979529140857,1,1
1.0688785706293857,14 Jan 2022,06:06:54,-0.7381094039558621,1,1
1.0735012730751499,14 Jan 2022,09:56:53,-0.7292594797196558,1,1
1.078123975520914,14 Jan 2022,19:50:41,-0.7333440601363664,1,1
1.0827466779666781,14 Jan 2022,10:37:38,-0.7272171895113005,1,1
1.0873693804124422,14 Jan 2022,06:48:38,-0.7421939843725727,1,1
1.0919920828582066,14 Jan 2022,01:59:13,-0.42495823867471816,1,1
1.0966147853039707,14 Jan 2022,16:25:44,-0.7333440601363664,1,1
-1.233546054426392,15 Jan 2022,16:42:06,-0.723813372497375,1,0
-1.2289233519806277,15 Jan 2022,13:55:42,-0.07164203262925363,1,0
-1.2243006495348636,15 Jan 2022,21:12:04,-0.7469593281920682,1,0
-1.2233442283391884,15 Jan 2022,08:15:42,-0.7108788678444582,1,0
-1.218721525893424,15 Jan 2022,01:20:26,-0.7462785647892832,1,0
-1.21409882344766,15 Jan 2022,10:38:02,-0.7415132209697876,1,0
-1.2094761210018958,15 Jan 2022,06:31:39,-0.752405435414349,1,0
-1.2048534185561317,15 Jan 2022,17:06:45,-0.6788829879135587,1,0
-1.2002307161103676,15 Jan 2022,19:29:05,-0.7360671137475069,1,0
-1.1956080136646035,15 Jan 2022,16:19:29,-0.7598938328449851,1,0
-1.190985311218839,15 Jan 2022,20:30:10,-0.7544477256227043,1,0
-1.1865220123056877,15 Jan 2022,07:33:15,-0.7326632967335813,1,0
-1.1818993098599235,15 Jan 2022,12:29:14,-0.39500464895217396,1,0
-1.1772766074141592,15 Jan 2022,18:08:58,-0.7313017699280111,1,0
-1.172653904968395,15 Jan 2022,14:38:41,-0.7333440601363664,1,0
-1.168031202522631,15 Jan 2022,09:15:53,-0.4399350335359902,1,0
-1.1634085000768668,15 Jan 2022,04:48:24,-0.774189864303472,1,0
-1.1587857976311027,15 Jan 2022,01:00:51,-0.7530861988171341,1,0
-1.1541630951853386,15 Jan 2022,22:39:24,-0.7326632967335813,1,0
-1.1495403927395742,15 Jan 2022,20:51:22,-0.7244941359001601,1,0
-1.14491769029381,15 Jan 2022,12:50:46,-0.7278979529140857,1,0
-1.140294987848046,15 Jan 2022,02:05:56,-0.7387901673586472,1,0
-1.1358316889348943,15 Jan 2022,07:12:01,-0.7415132209697876,1,0
-1.1312089864891302,15 Jan 2022,21:33:25,-0.7319825333307961,1,0
-1.126586284043366,15 Jan 2022,04:08:42,-0.45695411860561763,1,0
-1.121963581597602,15 Jan 2022,08:36:34,-0.7381094039558621,1,0
-1.1173408791518378,15 Jan 2022,15:19:00,-0.7381094039558621,1,0
-1.1163844579561624,15 Jan 2022,20:10:06,-0.42700052888307344,1,0
-1.1117617555103982,15 Jan 2022,00:19:48,-0.7374286405530769,1,0
-1.1071390530646341,15 Jan 2022,05:09:41,-0.7326632967335813,1,0
-1.10251635061887,15 Jan 2022,17:47:08,-0.431085109299784,1,0
-1.0978936481731056,15 Jan 2022,21:58:20,-0.6652677198578568,1,0
-1.0932709457273415,15 Jan 2022,05:51:36,-0.7326632967335813,1,0
-1.0886482432815774,15 Jan 2022,11:41:28,-0.7224518456918049,1,0
-1.0840255408358133,15 Jan 2022,16:00:00,-0.7483208549976385,1,0
-1.0794028383900491,15 Jan 2022,19:08:51,-0.45491182839726235,1,0
-1.074780135944285,15 Jan 2022,00:40:47,-0.7251748993029453,1,0
-1.0701574334985207,15 Jan 2022,06:51:29,-0.7490016184004236,1,0
-1.0655347310527565,15 Jan 2022,10:18:02,-0.7415132209697876,1,0
-1.0609120286069924,15 Jan 2022,22:18:37,-0.745597801386498,1,0
-1.0562893261612283,15 Jan 2022,14:17:07,-0.7272171895113005,1,0
-1.0516666237154642,15 Jan 2022,04:29:45,-0.7210903188862345,1,0
-1.0470439212697,15 Jan 2022,23:40:37,-0.7170057384695242,1,0
-1.042421218823936,15 Jan 2022,11:19:47,-0.7476400915948535,1,0
-1.0377985163781716,15 Jan 2022,05:30:53,-0.7299402431224409,1,0
-1.0331758139324074,15 Jan 2022,03:29:16,-0.43789274332763495,1,0
-1.0285531114866433,15 Jan 2022,07:53:49,-0.7435555111781428,1,0
-1.0239304090408792,15 Jan 2022,23:18:40,-0.44401961395270084,1,0
-1.019307706595115,15 Jan 2022,10:59:38,-0.7210903188862345,1,0
-1.014685004149351,15 Jan 2022,02:49:43,-0.3725394566602659,1,0
-1.0027297392034091,15 Jan 2022,15:39:56,-0.7408324575670024,1,0
-0.9981070367576449,15 Jan 2022,09:57:38,-0.7496823818032086,1,0
-0.9934843343118807,15 Jan 2022,01:45:19,-0.6795637513163438,1,0
-0.9888616318661165,15 Jan 2022,18:29:02,-0.7435555111781428,1,0
-0.9842389294203524,15 Jan 2022,09:37:12,-0.7285787163168708,1,0
-0.9796162269745882,15 Jan 2022,14:58:34,-0.7544477256227043,1,0
-0.974993524528824,15 Jan 2022,06:12:10,-0.744917037983713,1,0
0.5991163600201793,16 Jan 2022,11:27:48,-0.7394709307614322,1,1
0.6037390624659434,16 Jan 2022,00:00:18,-0.7551284890254893,1,1
0.6070865366508071,16 Jan 2022,04:07:36,-0.7619361230533404,1,1
0.6117092390965714,16 Jan 2022,07:57:58,-0.7299402431224409,1,1
0.6188823980641364,16 Jan 2022,18:26:45,-0.7421939843725727,1,1
0.6235051005099006,16 Jan 2022,21:38:23,-0.7326632967335813,1,1
0.6263743640969266,16 Jan 2022,05:09:46,-0.723813372497375,1,1
0.6309970665426907,16 Jan 2022,00:20:25,-0.7558092524282746,1,1
0.6378514184450307,16 Jan 2022,12:48:40,-0.751724672011564,1,1
0.6424741208907949,16 Jan 2022,23:44:30,-0.7401516941642172,1,1
0.647096823336559,16 Jan 2022,20:56:58,-0.6986251265943265,1,1
0.6517195257823232,16 Jan 2022,02:43:11,-0.7244941359001601,1,1
0.6563422282280874,16 Jan 2022,11:07:15,-0.7176865018723092,1,1
0.6609649306738515,16 Jan 2022,03:48:02,-0.42019289485522254,1,1
0.6655876331196157,16 Jan 2022,17:23:13,-0.7027097070110371,1,1
0.6702103355653799,16 Jan 2022,22:20:10,-0.7217710822890198,1,1
0.674833038011144,16 Jan 2022,14:15:13,-0.7176865018723092,1,1
0.6780211086633952,16 Jan 2022,20:34:09,-0.7054327606221774,1,1
0.6826438111091593,16 Jan 2022,09:43:24,-0.41678907784129704,1,1
0.6850348640983477,16 Jan 2022,16:38:54,-0.7401516941642172,1,1
0.6896575665441118,16 Jan 2022,05:50:41,-0.7571707792338448,1,1
0.6960337078486142,16 Jan 2022,00:40:11,-0.7435555111781428,1,1
0.7006564102943783,16 Jan 2022,15:57:47,-0.745597801386498,1,1
0.7052791127401424,16 Jan 2022,12:29:17,-0.4304043458969989,1,1
0.7099018151859067,16 Jan 2022,23:03:01,-0.7136019214555986,1,1
0.7145245176316708,16 Jan 2022,20:11:46,-0.7347055869419366,1,1
0.7191472200774349,16 Jan 2022,15:37:35,-0.7476400915948535,1,1
0.7237699225231992,16 Jan 2022,08:41:41,-0.3725394566602659,1,1
0.7283926249689633,16 Jan 2022,02:01:41,-0.7149634482611688,1,1
0.7330153274147274,16 Jan 2022,04:28:11,-0.7326632967335813,1,1
0.7376380298604917,16 Jan 2022,07:37:02,-0.7381094039558621,1,1
0.7422607323062558,16 Jan 2022,22:41:35,-0.7265364261085153,1,1
0.7468834347520199,16 Jan 2022,19:07:50,-0.4099814438134461,1,1
0.7515061371977841,16 Jan 2022,00:59:23,-0.7585323060394149,1,1
0.7543754007848101,16 Jan 2022,06:16:14,-0.6598216126355761,1,1
0.7589981032305743,16 Jan 2022,14:37:02,-0.7217710822890198,1,1
0.7636208056763384,16 Jan 2022,18:06:07,-0.7149634482611688,1,1
0.7682435081221026,16 Jan 2022,10:23:56,-0.4222351850635778,1,1
0.7728662105678668,16 Jan 2022,06:55:49,-0.752405435414349,1,1
0.7774889130136309,16 Jan 2022,01:39:48,-0.7408324575670024,1,1
0.7795611589375941,16 Jan 2022,15:17:53,-0.7612553596505554,1,1
0.7841838613833584,16 Jan 2022,11:48:30,-0.7340248235391514,1,1
0.7899223885574104,16 Jan 2022,19:30:20,-0.7054327606221774,1,1
0.7945450910031746,16 Jan 2022,10:45:48,-0.72313260909459,1,1
0.7991677934489387,16 Jan 2022,13:11:00,-0.7047519972193923,1,1
0.8037904958947029,16 Jan 2022,16:18:42,-0.7258556627057303,1,1
0.8084131983404671,16 Jan 2022,07:16:02,-0.7347055869419366,1,1
0.8130359007862312,16 Jan 2022,03:07:24,-0.6904559657609053,1,1
0.8190932350255083,16 Jan 2022,23:24:16,-0.7224518456918049,1,1
0.8237159374712726,16 Jan 2022,17:00:07,-0.7272171895113005,1,1
0.8283386399170367,16 Jan 2022,13:31:29,-0.7428747477753577,1,1
0.8331207458954134,16 Jan 2022,01:19:34,-0.7571707792338448,1,1
0.8375840448085651,16 Jan 2022,05:30:39,-0.7217710822890198,1,1
0.8439601861130673,16 Jan 2022,17:44:07,-0.7272171895113005,1,1
0.8485828885588315,16 Jan 2022,21:59:11,-0.7306210065252261,1,1
0.8532055910045957,16 Jan 2022,14:58:20,-0.7258556627057303,1,1
0.8578282934503598,16 Jan 2022,09:02:20,-0.7415132209697876,1,1
0.862450995896124,16 Jan 2022,04:47:53,-0.7578515426366298,1,1
0.8670736983418881,16 Jan 2022,19:51:37,-0.7333440601363664,1,1
0.8716964007876523,16 Jan 2022,02:22:24,-0.7476400915948535,1,1
0.8763191032334164,16 Jan 2022,06:35:28,-0.752405435414349,1,1
0.8809418056791806,16 Jan 2022,21:17:11,-0.7367478771502919,1,1
0.8855645081249448,16 Jan 2022,13:53:19,-0.7136019214555986,1,1
0.7811551942637197,17 Jan 2022,23:06:53,2.1701118527420658,-1,2
0.785777896709484,17 Jan 2022,03:36:08,-0.7571707792338448,1,1
0.7904005991552481,17 Jan 2022,11:18:15,-0.7272171895113005,1,1
0.7950233016010122,17 Jan 2022,17:23:56,-0.7469593281920682,1,1
0.7996460040467764,17 Jan 2022,02:34:52,-0.7340248235391514,1,1
0.8042687064925406,17 Jan 2022,13:09:12,-0.6700330636773525,1,1
0.8088914089383047,17 Jan 2022,19:07:49,-0.0757266130459642,1,1
0.8135141113840689,17 Jan 2022,22:45:18,2.310349113715795,-1,2
0.818136813829833,17 Jan 2022,19:50:33,-0.7394709307614322,1,1
0.8227595162755972,17 Jan 2022,14:14:32,-0.7217710822890198,1,1
0.8273822187213614,17 Jan 2022,00:27:05,-0.39500464895217396,1,1
0.8320049211671255,17 Jan 2022,08:09:00,-0.40045075617445475,1,1
0.8366276236128897,17 Jan 2022,13:53:11,-0.6938597827748307,1,1
0.8412503260586538,17 Jan 2022,12:00:01,-0.7217710822890198,1,1
0.845873028504418,17 Jan 2022,05:22:05,-0.7217710822890198,1,1
0.8504957309501822,17 Jan 2022,09:12:18,-0.39976999277166964,1,1
0.8551184333959463,17 Jan 2022,16:21:29,-0.41951213145243743,1,1
0.8597411358417105,17 Jan 2022,12:22:11,-0.7136019214555986,1,1
0.8643638382874747,17 Jan 2022,03:16:45,-0.7292594797196558,1,1
0.8689865407332388,17 Jan 2022,07:27:11,-0.7469593281920682,1,1
0.873609243179003,17 Jan 2022,02:55:26,-0.7347055869419366,1,1
0.8782319456247671,17 Jan 2022,20:57:05,-0.7156442116639539,1,1
0.8828546480705313,17 Jan 2022,20:35:39,-0.7122403946500284,1,1
0.8874773505162955,17 Jan 2022,04:40:38,-0.7027097070110371,1,1
0.8921000529620596,17 Jan 2022,22:00:59,-0.723813372497375,1,1
0.8967227554078238,17 Jan 2022,10:12:48,-0.7632976498589106,1,1
0.901345457853588,17 Jan 2022,08:30:37,-0.7149634482611688,1,1
0.9059681602993521,17 Jan 2022,04:18:01,-0.7381094039558621,1,1
0.9105908627451162,17 Jan 2022,15:40:18,-0.723813372497375,1,1
0.9152135651908805,17 Jan 2022,21:39:45,-0.7394709307614322,1,1
0.9198362676366446,17 Jan 2022,19:30:18,-0.7047519972193923,1,1
0.9244589700824087,17 Jan 2022,10:57:26,-0.35211655457671304,1,1
0.929081672528173,17 Jan 2022,07:07:39,-0.7374286405530769,1,1
0.9337043749739371,17 Jan 2022,02:14:05,-0.723813372497375,1,1
0.9383270774197012,17 Jan 2022,06:46:33,-0.7462785647892832,1,1
0.9429497798654654,17 Jan 2022,03:57:15,-0.7340248235391514,1,1
0.9475724823112296,17 Jan 2022,23:49:17,-0.6792233696149513,1,1
0.9521951847569937,17 Jan 2022,21:19:25,-0.7115596312472434,1,1
0.9568178872027578,17 Jan 2022,17:44:47,-0.7319825333307961,1,1
0.9614405896485221,17 Jan 2022,14:57:23,-0.3916008319382485,1,1
0.9660632920942862,17 Jan 2022,11:38:42,-0.7299402431224409,1,1
0.9706859945400503,17 Jan 2022,05:00:21,-0.7476400915948535,1,1
0.9753086969858146,17 Jan 2022,15:19:01,-0.7129211580528134,1,1
0.9799313994315787,17 Jan 2022,18:05:46,-0.7367478771502919,1,1
0.9845541018773428,17 Jan 2022,22:22:31,0.2741857759855748,1,1
0.9891768043231071,17 Jan 2022,13:30:04,-0.7292594797196558,1,1
0.9937995067688712,17 Jan 2022,01:52:32,-0.36845487624355533,1,1
0.9984222092146353,17 Jan 2022,06:26:26,-0.3936431221466038,1,1
1.0030449116603994,17 Jan 2022,09:53:32,-0.7067942874277476,1,1
1.0076676141061636,17 Jan 2022,00:48:14,-0.7251748993029453,1,1
1.012290316551928,17 Jan 2022,05:43:53,-0.7176865018723092,1,1
1.016913018997692,17 Jan 2022,12:44:38,-0.709517341038888,1,1
1.0215357214434562,17 Jan 2022,17:03:58,-0.38343167110482734,1,1
1.0261584238892203,17 Jan 2022,09:31:26,-0.7592130694421999,1,1
1.0307811263349844,17 Jan 2022,01:08:30,-0.7428747477753577,1,1
1.0354038287807485,17 Jan 2022,20:13:06,-0.7013481802054669,1,1
1.2021399238934836,18 Jan 2022,07:31:59,2.1333506289916704,-1,2
1.2067626263392477,18 Jan 2022,00:55:40,0.061787594316625026,1,1
1.2113853287850118,18 Jan 2022,18:17:46,2.544531724273868,-1,2
1.2160080312307762,18 Jan 2022,21:43:52,1.4416950117620133,1,2
1.2206307336765403,18 Jan 2022,23:28:26,1.402891497803263,1,2
1.2252534361223044,18 Jan 2022,13:24:42,0.11284484952550715,1,1
1.2298761385680685,18 Jan 2022,20:03:51,-0.6792233696149513,1,1
1.2344988410138327,18 Jan 2022,11:01:47,0.9161456648119196,1,1
1.2391215434595968,18 Jan 2022,03:40:50,0.05157614327484851,1,1
1.2437442459053611,18 Jan 2022,18:38:37,1.0189409386324693,1,2
1.2483669483511253,18 Jan 2022,11:42:55,0.5321951056411258,1,1
1.2529896507968894,18 Jan 2022,05:24:45,0.12577935417842404,1,1
1.2576123532426535,18 Jan 2022,01:59:24,1.6084820454443616,1,2
1.2622350556884177,18 Jan 2022,09:59:45,1.3702148544695785,1,2
1.2668577581341818,18 Jan 2022,21:04:21,1.4042530246088332,1,2
1.271480460579946,18 Jan 2022,20:44:19,-0.6792233696149513,1,1
1.2761031630257103,18 Jan 2022,02:18:46,-0.2860825045065588,1,1
1.2807258654714744,18 Jan 2022,19:20:11,2.553381648510074,-1,2
1.2853485679172385,18 Jan 2022,17:15:13,0.20134409188756963,1,1
1.2899712703630026,18 Jan 2022,10:40:27,1.06182903300793,1,2
1.2945939728087668,18 Jan 2022,06:48:28,-0.12678386825484633,1,1
1.2992166752545309,18 Jan 2022,22:47:38,1.5696785314856112,1,2
1.3038393777002952,18 Jan 2022,05:04:36,0.19385569445693349,1,1
1.3084620801460594,18 Jan 2022,03:00:32,1.2156815620373616,1,2
1.3130847825918235,18 Jan 2022,12:18:47,1.23950828113484,1,2
1.3177074850375876,18 Jan 2022,09:16:27,1.7943304544046927,1,2
1.3223301874833517,18 Jan 2022,06:07:17,1.1979817135649493,1,2
1.3269528899291159,18 Jan 2022,13:03:34,0.6343096160588904,1,1
1.3315755923748802,18 Jan 2022,16:07:36,-0.19009486471386033,1,1
1.3361982948206443,18 Jan 2022,00:11:58,2.402932936494568,-1,2
1.3408209972664085,18 Jan 2022,08:34:11,1.9352484787812072,1,2
1.3454436997121726,18 Jan 2022,15:48:17,0.13054469799791965,1,1
1.3500664021579367,18 Jan 2022,12:40:56,0.6853668712677723,1,1
1.3546891046037008,18 Jan 2022,03:21:39,0.19862103827642924,1,1
1.359311807049465,18 Jan 2022,21:23:53,1.0434484211327326,1,2
1.3639345094952293,18 Jan 2022,15:07:36,-0.19417944513057092,1,1
1.3685572119409934,18 Jan 2022,23:07:40,1.417868292664535,1,2
1.3731799143867576,18 Jan 2022,16:53:10,1.6030359382220807,1,2
1.3778026168325217,18 Jan 2022,09:38:40,1.5778476923190323,1,2
1.3824253192782858,18 Jan 2022,22:05:29,1.2892040095381518,1,2
1.38704802172405,18 Jan 2022,01:16:58,0.2714627223744344,1,1
1.3916707241698143,18 Jan 2022,04:43:12,-0.18941410131107517,1,1
1.3962934266155784,18 Jan 2022,08:13:46,2.194619335242329,-1,2
1.4009161290613426,18 Jan 2022,14:27:33,-0.22277150804754478,1,1
1.4055388315071067,18 Jan 2022,14:05:35,1.7847997667657012,1,2
1.4101615339528708,18 Jan 2022,06:27:52,0.2666973785549387,1,1
1.414784236398635,18 Jan 2022,10:21:04,1.1523705655783476,1,2
1.4194069388443993,18 Jan 2022,23:49:40,1.695619761000854,1,2
1.4240296412901634,18 Jan 2022,07:52:30,1.6363933449585508,1,2
1.4286523437359275,18 Jan 2022,04:02:12,0.05089537987206349,1,1
1.4332750461816917,18 Jan 2022,11:21:40,0.5703178561970912,1,1
1.4378977486274558,18 Jan 2022,17:37:12,0.37425799619498384,1,1
1.44252045107322,18 Jan 2022,14:46:28,0.18432500681794214,1,1
1.4471431535189843,18 Jan 2022,08:55:47,1.8848719869751103,1,2
1.4517658559647484,18 Jan 2022,00:34:57,1.1877702625231727,1,2
1.4563885584105125,18 Jan 2022,04:22:56,0.21836317695719695,1,1
1.4610112608562766,18 Jan 2022,15:27:43,0.07948744278903752,1,1
1.4656339633020408,18 Jan 2022,22:26:11,1.5601478438466199,1,2
1.1302489306852201,19 Jan 2022,02:15:17,-0.14107989971333343,1,1
1.1348716331309845,19 Jan 2022,01:55:28,-0.3487127375627875,1,1
1.1394943355767486,19 Jan 2022,05:21:51,0.19725951147085904,1,1
1.1441170380225127,19 Jan 2022,07:06:38,0.08016820619182254,1,1
1.1487397404682769,19 Jan 2022,22:57:15,1.2061508743983704,1,2
1.153362442914041,19 Jan 2022,04:41:18,0.1598175243176787,1,1
1.1578257418271927,19 Jan 2022,01:33:37,-0.18873333790829014,1,1
1.1624484442729568,19 Jan 2022,00:30:27,-0.038965389295569176,1,1
1.167071146718721,19 Jan 2022,06:45:38,0.3020970754997635,1,1
1.1707374279688099,19 Jan 2022,07:48:51,2.1728349063532058,-1,2
1.175360130414574,19 Jan 2022,09:53:50,0.7738661136298346,1,1
1.1799828328603381,19 Jan 2022,14:34:13,-0.1438029533244738,1,1
1.1846055353061022,19 Jan 2022,16:01:37,-0.34667044735443225,1,1
1.1892282377518664,19 Jan 2022,21:33:50,1.1053978907861761,1,2
1.1938509401976305,19 Jan 2022,02:57:20,-0.32012067464581345,1,1
1.1984736426433948,19 Jan 2022,03:18:49,0.0883373670252437,1,1
1.203096345089159,19 Jan 2022,21:14:25,-0.6792233696149513,1,1
1.207719047534923,19 Jan 2022,14:56:27,-0.41474678763294176,1,1
1.2123417499806872,19 Jan 2022,16:22:20,-0.33169365249316013,1,1
1.2169644524264513,19 Jan 2022,02:36:23,-0.06551516200418785,1,1
1.2215871548722155,19 Jan 2022,05:42:49,-0.27723258027035247,1,1
1.2262098573179798,19 Jan 2022,10:34:36,0.6690285496009301,1,1
1.2317889809594191,19 Jan 2022,06:02:24,0.19930180167921427,1,1
1.2364116834051835,19 Jan 2022,00:09:50,0.9018496333534327,1,1
1.2410343858509476,19 Jan 2022,11:40:18,0.22449004758226274,1,1
1.2456570882967117,19 Jan 2022,16:42:22,-0.36573182263241494,1,1
1.2502797907424759,19 Jan 2022,13:08:32,-0.12474157804649112,1,1
1.25490249318824,19 Jan 2022,19:50:58,0.7023859563373996,1,1
1.2595251956340041,19 Jan 2022,18:06:32,1.6860890733618625,1,2
1.2641478980797685,19 Jan 2022,07:27:40,0.5839331242527931,1,1
1.2687706005255326,19 Jan 2022,01:12:38,-0.14312218992168863,1,1
1.2733933029712967,19 Jan 2022,11:17:47,0.5192606009882093,1,1
1.2780160054170608,19 Jan 2022,15:39:18,-0.3398628133265813,1,1
1.282638707862825,19 Jan 2022,18:28:04,0.25103982029088157,1,1
1.287261410308589,19 Jan 2022,22:36:29,1.5676362412772562,1,2
1.2918841127543534,19 Jan 2022,14:12:49,-0.32624754527087935,1,1
1.2965068152001176,19 Jan 2022,09:33:57,-0.6792233696149513,1,1
1.3011295176458817,19 Jan 2022,03:58:39,-0.11793394401864016,1,1
1.3057522200916458,19 Jan 2022,21:53:35,1.0291523896742454,1,2
1.31037492253741,19 Jan 2022,19:30:23,0.7119166439763911,1,1
1.3130847825918235,19 Jan 2022,20:31:23,1.1013133103694657,1,2
1.3177074850375876,19 Jan 2022,17:22:17,0.7656969527964135,1,1
1.3223301874833517,19 Jan 2022,08:30:45,1.865810611697128,1,2
1.3269528899291159,19 Jan 2022,03:38:52,-0.3378205231182259,1,1
1.3315755923748802,19 Jan 2022,13:50:29,0.7963313059217431,1,1
1.3361982948206443,19 Jan 2022,12:46:35,0.0835720232057481,1,1
1.3408209972664085,19 Jan 2022,12:23:22,0.3722157059866285,1,1
1.3454436997121726,19 Jan 2022,20:10:35,0.8576000121724016,1,1
1.3500664021579367,19 Jan 2022,00:51:32,-0.36845487624355533,1,1
1.3546891046037008,19 Jan 2022,05:01:29,-0.3065054065901115,1,1
1.359311807049465,19 Jan 2022,08:52:09,1.611205099055502,1,2
1.3639345094952293,19 Jan 2022,10:56:47,0.3783425766116943,1,1
1.368716615473606,19 Jan 2022,06:23:36,-0.20847547658905785,1,1
1.37333931791937,19 Jan 2022,08:09:26,2.081612610380003,-1,2
1.3779620203651344,19 Jan 2022,10:14:22,0.7452740507128608,1,1
1.3832223369413488,19 Jan 2022,22:15:22,1.2905655363437223,1,2
1.387845039387113,19 Jan 2022,15:17:04,-0.4052160999939504,1,1
1.3937429700937776,19 Jan 2022,19:09:40,2.4151866777446998,-1,2
1.3983656725395417,19 Jan 2022,23:18:32,1.610524335652717,1,2
1.4029883749853058,19 Jan 2022,12:01:19,0.16866744855388502,1,1
1.40761107743107,19 Jan 2022,04:19:51,-0.09410722492116187,1,1
1.8067575230929134,20 Jan 2022,23:27:57,-0.6792233696149513,1,1
1.8113802255386775,20 Jan 2022,00:21:06,1.1938971331482384,-1,1
1.8160029279844419,20 Jan 2022,12:08:36,-0.2731479998536419,1,1
1.820625630430206,20 Jan 2022,02:24:01,-0.4372119799248499,1,1
1.82524833287597,20 Jan 2022,18:53:25,0.4961146452935158,-1,1
1.8298710353217342,20 Jan 2022,06:58:01,0.052256906677633684,1,1
1.8344937377674984,20 Jan 2022,01:02:45,-0.43585045311927967,1,1
1.8391164402132625,20 Jan 2022,20:21:01,1.403572261206048,-1,2
1.8437391426590268,20 Jan 2022,17:09:15,-0.480780837703096,1,1
1.848361845104791,20 Jan 2022,01:24:15,-0.33373594270151535,1,1
1.852984547550555,20 Jan 2022,08:38:32,3.3124328426154555,-1,2
1.8576072499963192,20 Jan 2022,13:37:50,-0.7067942874277476,1,1
1.8622299524420833,20 Jan 2022,22:26:36,0.9569914689790254,1,1
1.8668526548878475,20 Jan 2022,19:55:52,2.097950932046845,-1,2
1.8714753573336116,20 Jan 2022,18:11:26,-0.12950692186598672,1,1
1.876098059779376,20 Jan 2022,03:47:18,0.3136700533471104,1,1
1.88072076222514,20 Jan 2022,07:58:53,1.9209524473227204,-1,2
1.8853434646709042,20 Jan 2022,12:52:15,-0.18396799408879438,1,1
1.8899661671166683,20 Jan 2022,20:44:24,1.048213764952228,-1,1
1.8945888695624324,20 Jan 2022,13:16:59,-0.17171425283866268,1,1
1.8992115720081966,20 Jan 2022,16:04:38,-0.752405435414349,1,1
1.903834274453961,20 Jan 2022,11:04:59,0.05974530410826966,1,1
1.908456976899725,20 Jan 2022,04:27:15,-0.3037823529789711,1,1
1.9130796793454892,20 Jan 2022,00:42:08,-0.05734600117076669,1,1
1.9177023817912533,20 Jan 2022,00:42:08,-0.05734600117076669,1,1
1.9223250842370174,20 Jan 2022,19:14:01,0.38106563022283463,1,1
1.9269477866827815,20 Jan 2022,22:04:41,0.8902766555060861,1,1
1.931570489128546,20 Jan 2022,15:25:01,-0.3820701442992572,1,1
1.93619319157431,20 Jan 2022,08:59:49,1.0305139164798158,-1,1
1.9408158940200742,20 Jan 2022,05:12:25,0.8712152802281035,-1,1
1.9454385964658383,20 Jan 2022,21:24:09,0.8712152802281035,-1,1
1.9500612989116024,20 Jan 2022,23:47:55,1.2497197321766165,-1,1
1.9546840013573665,20 Jan 2022,17:50:05,0.16049828772046387,1,1
1.9593067038031309,20 Jan 2022,11:24:59,-0.02671164804543745,1,1
1.963929406248895,20 Jan 2022,17:28:37,-0.5338803831203334,-1,1
1.9685521086946591,20 Jan 2022,14:20:57,-0.05326142075405612,1,1
1.9731748111404233,20 Jan 2022,01:43:39,-0.4338081629109244,1,1
1.9777975135861874,20 Jan 2022,05:55:46,0.7262126754348781,-1,1
1.9824202160319515,20 Jan 2022,21:03:39,0.5744024366138019,-1,1
1.9870429184777156,20 Jan 2022,02:04:08,-0.3820701442992572,1,1
1.99166562092348,20 Jan 2022,09:21:50,1.2088739280095107,-1,1
1.996288323369244,20 Jan 2022,06:37:32,-0.29561319214555,1,1
2.0009110258150082,20 Jan 2022,12:30:59,-0.14788753374118438,1,1
2.0055337282607724,20 Jan 2022,22:47:26,1.1285438464808695,-1,1
2.0101564307065365,20 Jan 2022,14:41:55,-0.5073306104117148,-1,1
2.0147791331523006,20 Jan 2022,18:32:30,-0.03351928207328841,1,1
2.0194018355980647,20 Jan 2022,10:03:07,0.6125251871697673,-1,1
2.024024538043829,20 Jan 2022,11:47:31,0.16526363153995946,-1,1
2.028647240489593,20 Jan 2022,15:45:03,-0.7544477256227043,-1,1
2.0332699429353576,20 Jan 2022,00:00:17,-0.6792233696149513,-1,1
2.0378926453811217,20 Jan 2022,04:06:44,-0.3398628133265813,-1,1
2.042515347826886,20 Jan 2022,07:17:57,-0.3051438797845413,-1,1
2.04713805027265,20 Jan 2022,07:37:37,0.5410450298773323,-1,1
2.051760752718414,20 Jan 2022,10:44:35,1.546532575790918,-1,2
2.056383455164178,20 Jan 2022,21:43:55,0.6846861078649873,-1,1
2.0610061576099423,20 Jan 2022,09:43:03,0.9556299421734553,-1,1
2.0656288600557065,20 Jan 2022,03:06:05,0.526748998418845,-1,1
2.0702515625014706,20 Jan 2022,06:16:38,0.12169477376171348,-1,1
2.0748742649472347,20 Jan 2022,16:48:03,-0.21732540082526403,-1,1
